cell,adv_id,tail_env,n,seed,feas_contam,stat,engine,stat_obs
2-2-5,A2_det_nonlinear_chain,none,2000,900000,,kl_plugin,none,0.0
2-2-5,A2_det_nonlinear_chain,none,2000,900000,,kl_split,none,0.0
2-2-5,A2_det_nonlinear_chain,none,2000,900000,,kl_crossfit,none,0.0
2-2-5,A2_det_nonlinear_chain,none,2000,900000,,cf1_margin,none,0.0
2-2-5,A2_det_nonlinear_chain,none,2000,900000,,slack_plugin,none,0.0
2-2-5,A2_det_nonlinear_chain,none,2000,900000,,gm_battery,none,0.0
2-2-5,A2_det_nonlinear_chain,none,2000,900000,,gtest,none,2772.586722239448
2-2-5,A2_det_nonlinear_chain,none,2000,900001,,kl_plugin,none,0.0
2-2-5,A2_det_nonlinear_chain,none,2000,900001,,kl_split,none,0.0
2-2-5,A2_det_nonlinear_chain,none,2000,900001,,kl_crossfit,none,0.0
2-2-5,A2_det_nonlinear_chain,none,2000,900001,,cf1_margin,none,0.0
2-2-5,A2_det_nonlinear_chain,none,2000,900001,,slack_plugin,none,0.0
2-2-5,A2_det_nonlinear_chain,none,2000,900001,,gm_battery,none,0.0
2-2-5,A2_det_nonlinear_chain,none,2000,900001,,gtest,none,2772.196709433444
2-2-5,A2_det_nonlinear_chain,none,2000,900002,,kl_plugin,none,0.0
2-2-5,A2_det_nonlinear_chain,none,2000,900002,,kl_split,none,0.0
2-2-5,A2_det_nonlinear_chain,none,2000,900002,,kl_crossfit,none,0.0
2-2-5,A2_det_nonlinear_chain,none,2000,900002,,cf1_margin,none,0.0
2-2-5,A2_det_nonlinear_chain,none,2000,900002,,slack_plugin,none,0.0
2-2-5,A2_det_nonlinear_chain,none,2000,900002,,gm_battery,none,0.0
2-2-5,A2_det_nonlinear_chain,none,2000,900002,,gtest,none,2772.556722154447
2-2-5,A2_det_nonlinear_chain,none,2000,900003,,kl_plugin,none,0.0
2-2-5,A2_det_nonlinear_chain,none,2000,900003,,kl_split,none,0.0
2-2-5,A2_det_nonlinear_chain,none,2000,900003,,kl_crossfit,none,0.0
2-2-5,A2_det_nonlinear_chain,none,2000,900003,,cf1_margin,none,0.0
2-2-5,A2_det_nonlinear_chain,none,2000,900003,,slack_plugin,none,0.0
2-2-5,A2_det_nonlinear_chain,none,2000,900003,,gm_battery,none,0.0
2-2-5,A2_det_nonlinear_chain,none,2000,900003,,gtest,none,2772.010694396229
2-2-5,A2_det_nonlinear_chain,none,2000,900004,,kl_plugin,none,0.0
2-2-5,A2_det_nonlinear_chain,none,2000,900004,,kl_split,none,0.0
2-2-5,A2_det_nonlinear_chain,none,2000,900004,,kl_crossfit,none,0.0
2-2-5,A2_det_nonlinear_chain,none,2000,900004,,cf1_margin,none,0.0
2-2-5,A2_det_nonlinear_chain,none,2000,900004,,slack_plugin,none,0.0
2-2-5,A2_det_nonlinear_chain,none,2000,900004,,gm_battery,none,0.0
2-2-5,A2_det_nonlinear_chain,none,2000,900004,,gtest,none,2772.588722239781
2-2-5,A2_det_nonlinear_chain,none,2000,900005,,kl_plugin,none,0.0
2-2-5,A2_det_nonlinear_chain,none,2000,900005,,kl_split,none,0.0
2-2-5,A2_det_nonlinear_chain,none,2000,900005,,kl_crossfit,none,0.0
2-2-5,A2_det_nonlinear_chain,none,2000,900005,,cf1_margin,none,0.0
2-2-5,A2_det_nonlinear_chain,none,2000,900005,,slack_plugin,none,0.0
2-2-5,A2_det_nonlinear_chain,none,2000,900005,,gm_battery,none,0.0
2-2-5,A2_det_nonlinear_chain,none,2000,900005,,gtest,none,2772.300715327383
2-2-5,A2_det_nonlinear_chain,none,2000,900006,,kl_plugin,none,0.0
2-2-5,A2_det_nonlinear_chain,none,2000,900006,,kl_split,none,0.0
2-2-5,A2_det_nonlinear_chain,none,2000,900006,,kl_crossfit,none,0.0
2-2-5,A2_det_nonlinear_chain,none,2000,900006,,cf1_margin,none,0.0
2-2-5,A2_det_nonlinear_chain,none,2000,900006,,slack_plugin,none,0.0
2-2-5,A2_det_nonlinear_chain,none,2000,900006,,gm_battery,none,0.0
2-2-5,A2_det_nonlinear_chain,none,2000,900006,,gtest,none,2772.2507127188046
2-2-5,A2_det_nonlinear_chain,none,2000,900007,,kl_plugin,none,0.0
2-2-5,A2_det_nonlinear_chain,none,2000,900007,,kl_split,none,0.0
2-2-5,A2_det_nonlinear_chain,none,2000,900007,,kl_crossfit,none,0.0
2-2-5,A2_det_nonlinear_chain,none,2000,900007,,cf1_margin,none,0.0
2-2-5,A2_det_nonlinear_chain,none,2000,900007,,slack_plugin,none,0.0
2-2-5,A2_det_nonlinear_chain,none,2000,900007,,gm_battery,none,0.0
2-2-5,A2_det_nonlinear_chain,none,2000,900007,,gtest,none,2771.530628939704
2-2-5,A2_det_nonlinear_chain,none,2000,900008,,kl_plugin,none,0.0
2-2-5,A2_det_nonlinear_chain,none,2000,900008,,kl_split,none,0.0
2-2-5,A2_det_nonlinear_chain,none,2000,900008,,kl_crossfit,none,0.0
2-2-5,A2_det_nonlinear_chain,none,2000,900008,,cf1_margin,none,0.0
2-2-5,A2_det_nonlinear_chain,none,2000,900008,,slack_plugin,none,0.0
2-2-5,A2_det_nonlinear_chain,none,2000,900008,,gm_battery,none,0.0
2-2-5,A2_det_nonlinear_chain,none,2000,900008,,gtest,none,2772.300715327383
2-2-5,A2_det_nonlinear_chain,none,2000,900009,,kl_plugin,none,0.0
2-2-5,A2_det_nonlinear_chain,none,2000,900009,,kl_split,none,0.0
2-2-5,A2_det_nonlinear_chain,none,2000,900009,,kl_crossfit,none,0.0
2-2-5,A2_det_nonlinear_chain,none,2000,900009,,cf1_margin,none,0.0
2-2-5,A2_det_nonlinear_chain,none,2000,900009,,slack_plugin,none,0.0
2-2-5,A2_det_nonlinear_chain,none,2000,900009,,gm_battery,none,0.0
2-2-5,A2_det_nonlinear_chain,none,2000,900009,,gtest,none,2772.5807222344474
2-2-5,A2_det_nonlinear_chain,none,2000,900010,,kl_plugin,none,0.0
2-2-5,A2_det_nonlinear_chain,none,2000,900010,,kl_split,none,0.0
2-2-5,A2_det_nonlinear_chain,none,2000,900010,,kl_crossfit,none,0.0
2-2-5,A2_det_nonlinear_chain,none,2000,900010,,cf1_margin,none,0.0
2-2-5,A2_det_nonlinear_chain,none,2000,900010,,slack_plugin,none,0.0
2-2-5,A2_det_nonlinear_chain,none,2000,900010,,gm_battery,none,0.0
2-2-5,A2_det_nonlinear_chain,none,2000,900010,,gtest,none,2772.4267200527106
2-2-5,A2_det_nonlinear_chain,none,2000,900011,,kl_plugin,none,0.0
2-2-5,A2_det_nonlinear_chain,none,2000,900011,,kl_split,none,0.0
2-2-5,A2_det_nonlinear_chain,none,2000,900011,,kl_crossfit,none,0.0
2-2-5,A2_det_nonlinear_chain,none,2000,900011,,cf1_margin,none,0.0
2-2-5,A2_det_nonlinear_chain,none,2000,900011,,slack_plugin,none,0.0
2-2-5,A2_det_nonlinear_chain,none,2000,900011,,gm_battery,none,0.0
2-2-5,A2_det_nonlinear_chain,none,2000,900011,,gtest,none,2772.2507127188046
2-2-5,A2_det_nonlinear_chain,none,2000,900012,,kl_plugin,none,0.0
2-2-5,A2_det_nonlinear_chain,none,2000,900012,,kl_split,none,0.0
2-2-5,A2_det_nonlinear_chain,none,2000,900012,,kl_crossfit,none,0.0
2-2-5,A2_det_nonlinear_chain,none,2000,900012,,cf1_margin,none,0.0
2-2-5,A2_det_nonlinear_chain,none,2000,900012,,slack_plugin,none,0.0
2-2-5,A2_det_nonlinear_chain,none,2000,900012,,gm_battery,none,0.0
2-2-5,A2_det_nonlinear_chain,none,2000,900012,,gtest,none,2772.516721807775
2-2-5,A2_det_nonlinear_chain,none,2000,900013,,kl_plugin,none,0.0
2-2-5,A2_det_nonlinear_chain,none,2000,900013,,kl_split,none,0.0
2-2-5,A2_det_nonlinear_chain,none,2000,900013,,kl_crossfit,none,0.0
2-2-5,A2_det_nonlinear_chain,none,2000,900013,,cf1_margin,none,0.0
2-2-5,A2_det_nonlinear_chain,none,2000,900013,,slack_plugin,none,0.0
2-2-5,A2_det_nonlinear_chain,none,2000,900013,,gm_battery,none,0.0
2-2-5,A2_det_nonlinear_chain,none,2000,900013,,gtest,none,2772.556722154447
2-2-5,A2_det_nonlinear_chain,none,2000,900014,,kl_plugin,none,0.0
2-2-5,A2_det_nonlinear_chain,none,2000,900014,,kl_split,none,0.0
2-2-5,A2_det_nonlinear_chain,none,2000,900014,,kl_crossfit,none,0.0
2-2-5,A2_det_nonlinear_chain,none,2000,900014,,cf1_margin,none,0.0
2-2-5,A2_det_nonlinear_chain,none,2000,900014,,slack_plugin,none,0.0
2-2-5,A2_det_nonlinear_chain,none,2000,900014,,gm_battery,none,0.0
2-2-5,A2_det_nonlinear_chain,none,2000,900014,,gtest,none,2771.7886688979124
2-2-5,A2_det_nonlinear_chain,none,2000,900015,,kl_plugin,none,0.0
2-2-5,A2_det_nonlinear_chain,none,2000,900015,,kl_split,none,0.0
2-2-5,A2_det_nonlinear_chain,none,2000,900015,,kl_crossfit,none,0.0
2-2-5,A2_det_nonlinear_chain,none,2000,900015,,cf1_margin,none,0.0
2-2-5,A2_det_nonlinear_chain,none,2000,900015,,slack_plugin,none,0.0
2-2-5,A2_det_nonlinear_chain,none,2000,900015,,gm_battery,none,0.0
2-2-5,A2_det_nonlinear_chain,none,2000,900015,,gtest,none,2772.010694396229
2-2-5,A2_det_nonlinear_chain,none,2000,900016,,kl_plugin,none,0.0
2-2-5,A2_det_nonlinear_chain,none,2000,900016,,kl_split,none,0.0
2-2-5,A2_det_nonlinear_chain,none,2000,900016,,kl_crossfit,none,0.0
2-2-5,A2_det_nonlinear_chain,none,2000,900016,,cf1_margin,none,0.0
2-2-5,A2_det_nonlinear_chain,none,2000,900016,,slack_plugin,none,0.0
2-2-5,A2_det_nonlinear_chain,none,2000,900016,,gm_battery,none,0.0
2-2-5,A2_det_nonlinear_chain,none,2000,900016,,gtest,none,2772.570722212781
2-2-5,A2_det_nonlinear_chain,none,2000,900017,,kl_plugin,none,0.0
2-2-5,A2_det_nonlinear_chain,none,2000,900017,,kl_split,none,0.0
2-2-5,A2_det_nonlinear_chain,none,2000,900017,,kl_crossfit,none,0.0
2-2-5,A2_det_nonlinear_chain,none,2000,900017,,cf1_margin,none,0.0
2-2-5,A2_det_nonlinear_chain,none,2000,900017,,slack_plugin,none,0.0
2-2-5,A2_det_nonlinear_chain,none,2000,900017,,gm_battery,none,0.0
2-2-5,A2_det_nonlinear_chain,none,2000,900017,,gtest,none,2771.7886688979124
2-2-5,A2_det_nonlinear_chain,none,2000,900018,,kl_plugin,none,0.0
2-2-5,A2_det_nonlinear_chain,none,2000,900018,,kl_split,none,0.0
2-2-5,A2_det_nonlinear_chain,none,2000,900018,,kl_crossfit,none,0.0
2-2-5,A2_det_nonlinear_chain,none,2000,900018,,cf1_margin,none,0.0
2-2-5,A2_det_nonlinear_chain,none,2000,900018,,slack_plugin,none,0.0
2-2-5,A2_det_nonlinear_chain,none,2000,900018,,gm_battery,none,0.0
2-2-5,A2_det_nonlinear_chain,none,2000,900018,,gtest,none,2772.4907214394325
2-2-5,A2_det_nonlinear_chain,none,2000,900019,,kl_plugin,none,0.0
2-2-5,A2_det_nonlinear_chain,none,2000,900019,,kl_split,none,0.0
2-2-5,A2_det_nonlinear_chain,none,2000,900019,,kl_crossfit,none,0.0
2-2-5,A2_det_nonlinear_chain,none,2000,900019,,cf1_margin,none,0.0
2-2-5,A2_det_nonlinear_chain,none,2000,900019,,slack_plugin,none,0.0
2-2-5,A2_det_nonlinear_chain,none,2000,900019,,gm_battery,none,0.0
2-2-5,A2_det_nonlinear_chain,none,2000,900019,,gtest,none,2772.010694396229
2-2-5,A2_det_nonlinear_chain,none,2000,900020,,kl_plugin,none,0.0
2-2-5,A2_det_nonlinear_chain,none,2000,900020,,kl_split,none,0.0
2-2-5,A2_det_nonlinear_chain,none,2000,900020,,kl_crossfit,none,0.0
2-2-5,A2_det_nonlinear_chain,none,2000,900020,,cf1_margin,none,0.0
2-2-5,A2_det_nonlinear_chain,none,2000,900020,,slack_plugin,none,0.0
2-2-5,A2_det_nonlinear_chain,none,2000,900020,,gm_battery,none,0.0
2-2-5,A2_det_nonlinear_chain,none,2000,900020,,gtest,none,2772.4267200527106
2-2-5,A2_det_nonlinear_chain,none,2000,900021,,kl_plugin,none,0.0
2-2-5,A2_det_nonlinear_chain,none,2000,900021,,kl_split,none,0.0
2-2-5,A2_det_nonlinear_chain,none,2000,900021,,kl_crossfit,none,0.0
2-2-5,A2_det_nonlinear_chain,none,2000,900021,,cf1_margin,none,0.0
2-2-5,A2_det_nonlinear_chain,none,2000,900021,,slack_plugin,none,0.0
2-2-5,A2_det_nonlinear_chain,none,2000,900021,,gm_battery,none,0.0
2-2-5,A2_det_nonlinear_chain,none,2000,900021,,gtest,none,2770.788452142534
2-2-5,A2_det_nonlinear_chain,none,2000,900022,,kl_plugin,none,0.0
2-2-5,A2_det_nonlinear_chain,none,2000,900022,,kl_split,none,0.0
2-2-5,A2_det_nonlinear_chain,none,2000,900022,,kl_crossfit,none,0.0
2-2-5,A2_det_nonlinear_chain,none,2000,900022,,cf1_margin,none,0.0
2-2-5,A2_det_nonlinear_chain,none,2000,900022,,slack_plugin,none,0.0
2-2-5,A2_det_nonlinear_chain,none,2000,900022,,gm_battery,none,0.0
2-2-5,A2_det_nonlinear_chain,none,2000,900022,,gtest,none,2771.4366116222927
2-2-5,A2_det_nonlinear_chain,none,2000,900023,,kl_plugin,none,0.0
2-2-5,A2_det_nonlinear_chain,none,2000,900023,,kl_split,none,0.0
2-2-5,A2_det_nonlinear_chain,none,2000,900023,,kl_crossfit,none,0.0
2-2-5,A2_det_nonlinear_chain,none,2000,900023,,cf1_margin,none,0.0
2-2-5,A2_det_nonlinear_chain,none,2000,900023,,slack_plugin,none,0.0
2-2-5,A2_det_nonlinear_chain,none,2000,900023,,gm_battery,none,0.0
2-2-5,A2_det_nonlinear_chain,none,2000,900023,,gtest,none,2772.4907214394325
2-2-5,A2_det_nonlinear_chain,none,2000,900024,,kl_plugin,none,0.0
2-2-5,A2_det_nonlinear_chain,none,2000,900024,,kl_split,none,0.0
2-2-5,A2_det_nonlinear_chain,none,2000,900024,,kl_crossfit,none,0.0
2-2-5,A2_det_nonlinear_chain,none,2000,900024,,cf1_margin,none,0.0
2-2-5,A2_det_nonlinear_chain,none,2000,900024,,slack_plugin,none,0.0
2-2-5,A2_det_nonlinear_chain,none,2000,900024,,gm_battery,none,0.0
2-2-5,A2_det_nonlinear_chain,none,2000,900024,,gtest,none,2772.3467173592117
2-2-5,A2_det_nonlinear_chain,none,2000,900025,,kl_plugin,none,0.0
2-2-5,A2_det_nonlinear_chain,none,2000,900025,,kl_split,none,0.0
2-2-5,A2_det_nonlinear_chain,none,2000,900025,,kl_crossfit,none,0.0
2-2-5,A2_det_nonlinear_chain,none,2000,900025,,cf1_margin,none,0.0
2-2-5,A2_det_nonlinear_chain,none,2000,900025,,slack_plugin,none,0.0
2-2-5,A2_det_nonlinear_chain,none,2000,900025,,gm_battery,none,0.0
2-2-5,A2_det_nonlinear_chain,none,2000,900025,,gtest,none,2770.906486400103
2-2-5,A2_det_nonlinear_chain,none,2000,900026,,kl_plugin,none,0.0
2-2-5,A2_det_nonlinear_chain,none,2000,900026,,kl_split,none,0.0
2-2-5,A2_det_nonlinear_chain,none,2000,900026,,kl_crossfit,none,0.0
2-2-5,A2_det_nonlinear_chain,none,2000,900026,,cf1_margin,none,0.0
2-2-5,A2_det_nonlinear_chain,none,2000,900026,,slack_plugin,none,0.0
2-2-5,A2_det_nonlinear_chain,none,2000,900026,,gm_battery,none,0.0
2-2-5,A2_det_nonlinear_chain,none,2000,900026,,gtest,none,2772.196709433444
2-2-5,A2_det_nonlinear_chain,none,2000,900027,,kl_plugin,none,0.0
2-2-5,A2_det_nonlinear_chain,none,2000,900027,,kl_split,none,0.0
2-2-5,A2_det_nonlinear_chain,none,2000,900027,,kl_crossfit,none,0.0
2-2-5,A2_det_nonlinear_chain,none,2000,900027,,cf1_margin,none,0.0
2-2-5,A2_det_nonlinear_chain,none,2000,900027,,slack_plugin,none,0.0
2-2-5,A2_det_nonlinear_chain,none,2000,900027,,gm_battery,none,0.0
2-2-5,A2_det_nonlinear_chain,none,2000,900027,,gtest,none,2772.010694396229
2-2-5,A2_det_nonlinear_chain,none,2000,900028,,kl_plugin,none,0.0
2-2-5,A2_det_nonlinear_chain,none,2000,900028,,kl_split,none,0.0
2-2-5,A2_det_nonlinear_chain,none,2000,900028,,kl_crossfit,none,0.0
2-2-5,A2_det_nonlinear_chain,none,2000,900028,,cf1_margin,none,0.0
2-2-5,A2_det_nonlinear_chain,none,2000,900028,,slack_plugin,none,0.0
2-2-5,A2_det_nonlinear_chain,none,2000,900028,,gm_battery,none,0.0
2-2-5,A2_det_nonlinear_chain,none,2000,900028,,gtest,none,2770.1382217861847
2-2-5,A2_det_nonlinear_chain,none,2000,900029,,kl_plugin,none,0.0
2-2-5,A2_det_nonlinear_chain,none,2000,900029,,kl_split,none,0.0
2-2-5,A2_det_nonlinear_chain,none,2000,900029,,kl_crossfit,none,0.0
2-2-5,A2_det_nonlinear_chain,none,2000,900029,,cf1_margin,none,0.0
2-2-5,A2_det_nonlinear_chain,none,2000,900029,,slack_plugin,none,0.0
2-2-5,A2_det_nonlinear_chain,none,2000,900029,,gm_battery,none,0.0
2-2-5,A2_det_nonlinear_chain,none,2000,900029,,gtest,none,2771.9406872432455
2-2-5,A2_det_nonlinear_chain,none,2000,900030,,kl_plugin,none,0.0
2-2-5,A2_det_nonlinear_chain,none,2000,900030,,kl_split,none,0.0
2-2-5,A2_det_nonlinear_chain,none,2000,900030,,kl_crossfit,none,0.0
2-2-5,A2_det_nonlinear_chain,none,2000,900030,,cf1_margin,none,0.0
2-2-5,A2_det_nonlinear_chain,none,2000,900030,,slack_plugin,none,0.0
2-2-5,A2_det_nonlinear_chain,none,2000,900030,,gm_battery,none,0.0
2-2-5,A2_det_nonlinear_chain,none,2000,900030,,gtest,none,2770.906486400103
2-2-5,A2_det_nonlinear_chain,none,2000,900031,,kl_plugin,none,0.0
2-2-5,A2_det_nonlinear_chain,none,2000,900031,,kl_split,none,0.0
2-2-5,A2_det_nonlinear_chain,none,2000,900031,,kl_crossfit,none,0.0
2-2-5,A2_det_nonlinear_chain,none,2000,900031,,cf1_margin,none,0.0
2-2-5,A2_det_nonlinear_chain,none,2000,900031,,slack_plugin,none,0.0
2-2-5,A2_det_nonlinear_chain,none,2000,900031,,gm_battery,none,0.0
2-2-5,A2_det_nonlinear_chain,none,2000,900031,,gtest,none,2769.387868359846
2-2-5,A2_det_nonlinear_chain,none,2000,900032,,kl_plugin,none,0.0
2-2-5,A2_det_nonlinear_chain,none,2000,900032,,kl_split,none,0.0
2-2-5,A2_det_nonlinear_chain,none,2000,900032,,kl_crossfit,none,0.0
2-2-5,A2_det_nonlinear_chain,none,2000,900032,,cf1_margin,none,0.0
2-2-5,A2_det_nonlinear_chain,none,2000,900032,,slack_plugin,none,0.0
2-2-5,A2_det_nonlinear_chain,none,2000,900032,,gm_battery,none,0.0
2-2-5,A2_det_nonlinear_chain,none,2000,900032,,gtest,none,2772.570722212781
2-2-5,A2_det_nonlinear_chain,none,2000,900033,,kl_plugin,none,0.0
2-2-5,A2_det_nonlinear_chain,none,2000,900033,,kl_split,none,0.0
2-2-5,A2_det_nonlinear_chain,none,2000,900033,,kl_crossfit,none,0.0
2-2-5,A2_det_nonlinear_chain,none,2000,900033,,cf1_margin,none,0.0
2-2-5,A2_det_nonlinear_chain,none,2000,900033,,slack_plugin,none,0.0
2-2-5,A2_det_nonlinear_chain,none,2000,900033,,gm_battery,none,0.0
2-2-5,A2_det_nonlinear_chain,none,2000,900033,,gtest,none,2772.516721807775
2-2-5,A2_det_nonlinear_chain,none,2000,900034,,kl_plugin,none,0.0
2-2-5,A2_det_nonlinear_chain,none,2000,900034,,kl_split,none,0.0
2-2-5,A2_det_nonlinear_chain,none,2000,900034,,kl_crossfit,none,0.0
2-2-5,A2_det_nonlinear_chain,none,2000,900034,,cf1_margin,none,0.0
2-2-5,A2_det_nonlinear_chain,none,2000,900034,,slack_plugin,none,0.0
2-2-5,A2_det_nonlinear_chain,none,2000,900034,,gm_battery,none,0.0
2-2-5,A2_det_nonlinear_chain,none,2000,900034,,gtest,none,2772.4267200527106
2-2-5,A2_det_nonlinear_chain,none,2000,900035,,kl_plugin,none,0.0
2-2-5,A2_det_nonlinear_chain,none,2000,900035,,kl_split,none,0.0
2-2-5,A2_det_nonlinear_chain,none,2000,900035,,kl_crossfit,none,0.0
2-2-5,A2_det_nonlinear_chain,none,2000,900035,,cf1_margin,none,0.0
2-2-5,A2_det_nonlinear_chain,none,2000,900035,,slack_plugin,none,0.0
2-2-5,A2_det_nonlinear_chain,none,2000,900035,,gm_battery,none,0.0
2-2-5,A2_det_nonlinear_chain,none,2000,900035,,gtest,none,2772.196709433444
2-2-5,A2_det_nonlinear_chain,none,2000,900036,,kl_plugin,none,0.0
2-2-5,A2_det_nonlinear_chain,none,2000,900036,,kl_split,none,0.0
2-2-5,A2_det_nonlinear_chain,none,2000,900036,,kl_crossfit,none,0.0
2-2-5,A2_det_nonlinear_chain,none,2000,900036,,cf1_margin,none,0.0
2-2-5,A2_det_nonlinear_chain,none,2000,900036,,slack_plugin,none,0.0
2-2-5,A2_det_nonlinear_chain,none,2000,900036,,gm_battery,none,0.0
2-2-5,A2_det_nonlinear_chain,none,2000,900036,,gtest,none,2772.538722031446
2-2-5,A2_det_nonlinear_chain,none,2000,900037,,kl_plugin,none,0.0
2-2-5,A2_det_nonlinear_chain,none,2000,900037,,kl_split,none,0.0
2-2-5,A2_det_nonlinear_chain,none,2000,900037,,kl_crossfit,none,0.0
2-2-5,A2_det_nonlinear_chain,none,2000,900037,,cf1_margin,none,0.0
2-2-5,A2_det_nonlinear_chain,none,2000,900037,,slack_plugin,none,0.0
2-2-5,A2_det_nonlinear_chain,none,2000,900037,,gm_battery,none,0.0
2-2-5,A2_det_nonlinear_chain,none,2000,900037,,gtest,none,2772.010694396229
2-2-5,A2_det_nonlinear_chain,none,2000,900038,,kl_plugin,none,0.0
2-2-5,A2_det_nonlinear_chain,none,2000,900038,,kl_split,none,0.0
2-2-5,A2_det_nonlinear_chain,none,2000,900038,,kl_crossfit,none,0.0
2-2-5,A2_det_nonlinear_chain,none,2000,900038,,cf1_margin,none,0.0
2-2-5,A2_det_nonlinear_chain,none,2000,900038,,slack_plugin,none,0.0
2-2-5,A2_det_nonlinear_chain,none,2000,900038,,gm_battery,none,0.0
2-2-5,A2_det_nonlinear_chain,none,2000,900038,,gtest,none,2772.196709433444
2-2-5,A2_det_nonlinear_chain,none,2000,900039,,kl_plugin,none,0.0
2-2-5,A2_det_nonlinear_chain,none,2000,900039,,kl_split,none,0.0
2-2-5,A2_det_nonlinear_chain,none,2000,900039,,kl_crossfit,none,0.0
2-2-5,A2_det_nonlinear_chain,none,2000,900039,,cf1_margin,none,0.0
2-2-5,A2_det_nonlinear_chain,none,2000,900039,,slack_plugin,none,0.0
2-2-5,A2_det_nonlinear_chain,none,2000,900039,,gm_battery,none,0.0
2-2-5,A2_det_nonlinear_chain,none,2000,900039,,gtest,none,2772.196709433444
2-2-5,A2_det_nonlinear_chain,none,2000,900040,,kl_plugin,none,0.0
2-2-5,A2_det_nonlinear_chain,none,2000,900040,,kl_split,none,0.0
2-2-5,A2_det_nonlinear_chain,none,2000,900040,,kl_crossfit,none,0.0
2-2-5,A2_det_nonlinear_chain,none,2000,900040,,cf1_margin,none,0.0
2-2-5,A2_det_nonlinear_chain,none,2000,900040,,slack_plugin,none,0.0
2-2-5,A2_det_nonlinear_chain,none,2000,900040,,gm_battery,none,0.0
2-2-5,A2_det_nonlinear_chain,none,2000,900040,,gtest,none,2772.4267200527106
2-2-5,A2_det_nonlinear_chain,none,2000,900041,,kl_plugin,none,0.0
2-2-5,A2_det_nonlinear_chain,none,2000,900041,,kl_split,none,0.0
2-2-5,A2_det_nonlinear_chain,none,2000,900041,,kl_crossfit,none,0.0
2-2-5,A2_det_nonlinear_chain,none,2000,900041,,cf1_margin,none,0.0
2-2-5,A2_det_nonlinear_chain,none,2000,900041,,slack_plugin,none,0.0
2-2-5,A2_det_nonlinear_chain,none,2000,900041,,gm_battery,none,0.0
2-2-5,A2_det_nonlinear_chain,none,2000,900041,,gtest,none,2772.2507127188046
2-2-5,A2_det_nonlinear_chain,none,2000,900042,,kl_plugin,none,0.0
2-2-5,A2_det_nonlinear_chain,none,2000,900042,,kl_split,none,0.0
2-2-5,A2_det_nonlinear_chain,none,2000,900042,,kl_crossfit,none,0.0
2-2-5,A2_det_nonlinear_chain,none,2000,900042,,cf1_margin,none,0.0
2-2-5,A2_det_nonlinear_chain,none,2000,900042,,slack_plugin,none,0.0
2-2-5,A2_det_nonlinear_chain,none,2000,900042,,gm_battery,none,0.0
2-2-5,A2_det_nonlinear_chain,none,2000,900042,,gtest,none,2772.4907214394325
2-2-5,A2_det_nonlinear_chain,none,2000,900043,,kl_plugin,none,0.0
2-2-5,A2_det_nonlinear_chain,none,2000,900043,,kl_split,none,0.0
2-2-5,A2_det_nonlinear_chain,none,2000,900043,,kl_crossfit,none,0.0
2-2-5,A2_det_nonlinear_chain,none,2000,900043,,cf1_margin,none,0.0
2-2-5,A2_det_nonlinear_chain,none,2000,900043,,slack_plugin,none,0.0
2-2-5,A2_det_nonlinear_chain,none,2000,900043,,gm_battery,none,0.0
2-2-5,A2_det_nonlinear_chain,none,2000,900043,,gtest,none,2771.0205172901688
2-2-5,A2_det_nonlinear_chain,none,2000,900044,,kl_plugin,none,0.0
2-2-5,A2_det_nonlinear_chain,none,2000,900044,,kl_split,none,0.0
2-2-5,A2_det_nonlinear_chain,none,2000,900044,,kl_crossfit,none,0.0
2-2-5,A2_det_nonlinear_chain,none,2000,900044,,cf1_margin,none,0.0
2-2-5,A2_det_nonlinear_chain,none,2000,900044,,slack_plugin,none,0.0
2-2-5,A2_det_nonlinear_chain,none,2000,900044,,gm_battery,none,0.0
2-2-5,A2_det_nonlinear_chain,none,2000,900044,,gtest,none,2771.530628939704
2-2-5,A2_det_nonlinear_chain,none,2000,900045,,kl_plugin,none,0.0
2-2-5,A2_det_nonlinear_chain,none,2000,900045,,kl_split,none,0.0
2-2-5,A2_det_nonlinear_chain,none,2000,900045,,kl_crossfit,none,0.0
2-2-5,A2_det_nonlinear_chain,none,2000,900045,,cf1_margin,none,0.0
2-2-5,A2_det_nonlinear_chain,none,2000,900045,,slack_plugin,none,0.0
2-2-5,A2_det_nonlinear_chain,none,2000,900045,,gm_battery,none,0.0
2-2-5,A2_det_nonlinear_chain,none,2000,900045,,gtest,none,2772.3887189063144
2-2-5,A2_det_nonlinear_chain,none,2000,900046,,kl_plugin,none,0.0
2-2-5,A2_det_nonlinear_chain,none,2000,900046,,kl_split,none,0.0
2-2-5,A2_det_nonlinear_chain,none,2000,900046,,kl_crossfit,none,0.0
2-2-5,A2_det_nonlinear_chain,none,2000,900046,,cf1_margin,none,0.0
2-2-5,A2_det_nonlinear_chain,none,2000,900046,,slack_plugin,none,0.0
2-2-5,A2_det_nonlinear_chain,none,2000,900046,,gm_battery,none,0.0
2-2-5,A2_det_nonlinear_chain,none,2000,900046,,gtest,none,2769.700026792679
2-2-5,A2_det_nonlinear_chain,none,2000,900047,,kl_plugin,none,0.0
2-2-5,A2_det_nonlinear_chain,none,2000,900047,,kl_split,none,0.0
2-2-5,A2_det_nonlinear_chain,none,2000,900047,,kl_crossfit,none,0.0
2-2-5,A2_det_nonlinear_chain,none,2000,900047,,cf1_margin,none,0.0
2-2-5,A2_det_nonlinear_chain,none,2000,900047,,slack_plugin,none,0.0
2-2-5,A2_det_nonlinear_chain,none,2000,900047,,gm_battery,none,0.0
2-2-5,A2_det_nonlinear_chain,none,2000,900047,,gtest,none,2770.2762765883463
2-2-5,A2_det_nonlinear_chain,none,2000,900048,,kl_plugin,none,0.0
2-2-5,A2_det_nonlinear_chain,none,2000,900048,,kl_split,none,0.0
2-2-5,A2_det_nonlinear_chain,none,2000,900048,,kl_crossfit,none,0.0
2-2-5,A2_det_nonlinear_chain,none,2000,900048,,cf1_margin,none,0.0
2-2-5,A2_det_nonlinear_chain,none,2000,900048,,slack_plugin,none,0.0
2-2-5,A2_det_nonlinear_chain,none,2000,900048,,gm_battery,none,0.0
2-2-5,A2_det_nonlinear_chain,none,2000,900048,,gtest,none,2772.196709433444
2-2-5,A2_det_nonlinear_chain,none,2000,900049,,kl_plugin,none,0.0
2-2-5,A2_det_nonlinear_chain,none,2000,900049,,kl_split,none,0.0
2-2-5,A2_det_nonlinear_chain,none,2000,900049,,kl_crossfit,none,0.0
2-2-5,A2_det_nonlinear_chain,none,2000,900049,,cf1_margin,none,0.0
2-2-5,A2_det_nonlinear_chain,none,2000,900049,,slack_plugin,none,0.0
2-2-5,A2_det_nonlinear_chain,none,2000,900049,,gm_battery,none,0.0
2-2-5,A2_det_nonlinear_chain,none,2000,900049,,gtest,none,2772.3887189063144
2-2-5,A2_det_nonlinear_chain,none,2000,900050,,kl_plugin,none,0.0
2-2-5,A2_det_nonlinear_chain,none,2000,900050,,kl_split,none,0.0
2-2-5,A2_det_nonlinear_chain,none,2000,900050,,kl_crossfit,none,0.0
2-2-5,A2_det_nonlinear_chain,none,2000,900050,,cf1_margin,none,0.0
2-2-5,A2_det_nonlinear_chain,none,2000,900050,,slack_plugin,none,0.0
2-2-5,A2_det_nonlinear_chain,none,2000,900050,,gm_battery,none,0.0
2-2-5,A2_det_nonlinear_chain,none,2000,900050,,gtest,none,2772.2507127188046
2-2-5,A2_det_nonlinear_chain,none,2000,900051,,kl_plugin,none,0.0
2-2-5,A2_det_nonlinear_chain,none,2000,900051,,kl_split,none,0.0
2-2-5,A2_det_nonlinear_chain,none,2000,900051,,kl_crossfit,none,0.0
2-2-5,A2_det_nonlinear_chain,none,2000,900051,,cf1_margin,none,0.0
2-2-5,A2_det_nonlinear_chain,none,2000,900051,,slack_plugin,none,0.0
2-2-5,A2_det_nonlinear_chain,none,2000,900051,,gm_battery,none,0.0
2-2-5,A2_det_nonlinear_chain,none,2000,900051,,gtest,none,2771.530628939704
2-2-5,A2_det_nonlinear_chain,none,2000,900052,,kl_plugin,none,0.0
2-2-5,A2_det_nonlinear_chain,none,2000,900052,,kl_split,none,0.0
2-2-5,A2_det_nonlinear_chain,none,2000,900052,,kl_crossfit,none,0.0
2-2-5,A2_det_nonlinear_chain,none,2000,900052,,cf1_margin,none,0.0
2-2-5,A2_det_nonlinear_chain,none,2000,900052,,slack_plugin,none,0.0
2-2-5,A2_det_nonlinear_chain,none,2000,900052,,gm_battery,none,0.0
2-2-5,A2_det_nonlinear_chain,none,2000,900052,,gtest,none,2772.586722239448
2-2-5,A2_det_nonlinear_chain,none,2000,900053,,kl_plugin,none,0.0
2-2-5,A2_det_nonlinear_chain,none,2000,900053,,kl_split,none,0.0
2-2-5,A2_det_nonlinear_chain,none,2000,900053,,kl_crossfit,none,0.0
2-2-5,A2_det_nonlinear_chain,none,2000,900053,,cf1_margin,none,0.0
2-2-5,A2_det_nonlinear_chain,none,2000,900053,,slack_plugin,none,0.0
2-2-5,A2_det_nonlinear_chain,none,2000,900053,,gm_battery,none,0.0
2-2-5,A2_det_nonlinear_chain,none,2000,900053,,gtest,none,2772.586722239448
2-2-5,A2_det_nonlinear_chain,none,2000,900054,,kl_plugin,none,0.0
2-2-5,A2_det_nonlinear_chain,none,2000,900054,,kl_split,none,0.0
2-2-5,A2_det_nonlinear_chain,none,2000,900054,,kl_crossfit,none,0.0
2-2-5,A2_det_nonlinear_chain,none,2000,900054,,cf1_margin,none,0.0
2-2-5,A2_det_nonlinear_chain,none,2000,900054,,slack_plugin,none,0.0
2-2-5,A2_det_nonlinear_chain,none,2000,900054,,gm_battery,none,0.0
2-2-5,A2_det_nonlinear_chain,none,2000,900054,,gtest,none,2772.4267200527106
2-2-5,A2_det_nonlinear_chain,none,2000,900055,,kl_plugin,none,0.0
2-2-5,A2_det_nonlinear_chain,none,2000,900055,,kl_split,none,0.0
2-2-5,A2_det_nonlinear_chain,none,2000,900055,,kl_crossfit,none,0.0
2-2-5,A2_det_nonlinear_chain,none,2000,900055,,cf1_margin,none,0.0
2-2-5,A2_det_nonlinear_chain,none,2000,900055,,slack_plugin,none,0.0
2-2-5,A2_det_nonlinear_chain,none,2000,900055,,gm_battery,none,0.0
2-2-5,A2_det_nonlinear_chain,none,2000,900055,,gtest,none,2772.076700392211
2-2-5,A2_det_nonlinear_chain,none,2000,900056,,kl_plugin,none,0.0
2-2-5,A2_det_nonlinear_chain,none,2000,900056,,kl_split,none,0.0
2-2-5,A2_det_nonlinear_chain,none,2000,900056,,kl_crossfit,none,0.0
2-2-5,A2_det_nonlinear_chain,none,2000,900056,,cf1_margin,none,0.0
2-2-5,A2_det_nonlinear_chain,none,2000,900056,,slack_plugin,none,0.0
2-2-5,A2_det_nonlinear_chain,none,2000,900056,,gm_battery,none,0.0
2-2-5,A2_det_nonlinear_chain,none,2000,900056,,gtest,none,2772.538722031446
2-2-5,A2_det_nonlinear_chain,none,2000,900057,,kl_plugin,none,0.0
2-2-5,A2_det_nonlinear_chain,none,2000,900057,,kl_split,none,0.0
2-2-5,A2_det_nonlinear_chain,none,2000,900057,,kl_crossfit,none,0.0
2-2-5,A2_det_nonlinear_chain,none,2000,900057,,cf1_margin,none,0.0
2-2-5,A2_det_nonlinear_chain,none,2000,900057,,slack_plugin,none,0.0
2-2-5,A2_det_nonlinear_chain,none,2000,900057,,gm_battery,none,0.0
2-2-5,A2_det_nonlinear_chain,none,2000,900057,,gtest,none,2772.3467173592117
2-2-5,A2_det_nonlinear_chain,none,2000,900058,,kl_plugin,none,0.0
2-2-5,A2_det_nonlinear_chain,none,2000,900058,,kl_split,none,0.0
2-2-5,A2_det_nonlinear_chain,none,2000,900058,,kl_crossfit,none,0.0
2-2-5,A2_det_nonlinear_chain,none,2000,900058,,cf1_margin,none,0.0
2-2-5,A2_det_nonlinear_chain,none,2000,900058,,slack_plugin,none,0.0
2-2-5,A2_det_nonlinear_chain,none,2000,900058,,gm_battery,none,0.0
2-2-5,A2_det_nonlinear_chain,none,2000,900058,,gtest,none,2772.556722154447
2-2-5,A2_det_nonlinear_chain,none,2000,900059,,kl_plugin,none,0.0
2-2-5,A2_det_nonlinear_chain,none,2000,900059,,kl_split,none,0.0
2-2-5,A2_det_nonlinear_chain,none,2000,900059,,kl_crossfit,none,0.0
2-2-5,A2_det_nonlinear_chain,none,2000,900059,,cf1_margin,none,0.0
2-2-5,A2_det_nonlinear_chain,none,2000,900059,,slack_plugin,none,0.0
2-2-5,A2_det_nonlinear_chain,none,2000,900059,,gm_battery,none,0.0
2-2-5,A2_det_nonlinear_chain,none,2000,900059,,gtest,none,2771.1305450411046
2-2-5,A2_det_nonlinear_chain,none,2000,900060,,kl_plugin,none,0.0
2-2-5,A2_det_nonlinear_chain,none,2000,900060,,kl_split,none,0.0
2-2-5,A2_det_nonlinear_chain,none,2000,900060,,kl_crossfit,none,0.0
2-2-5,A2_det_nonlinear_chain,none,2000,900060,,cf1_margin,none,0.0
2-2-5,A2_det_nonlinear_chain,none,2000,900060,,slack_plugin,none,0.0
2-2-5,A2_det_nonlinear_chain,none,2000,900060,,gm_battery,none,0.0
2-2-5,A2_det_nonlinear_chain,none,2000,900060,,gtest,none,2771.9406872432455
2-2-5,A2_det_nonlinear_chain,none,2000,900061,,kl_plugin,none,0.0
2-2-5,A2_det_nonlinear_chain,none,2000,900061,,kl_split,none,0.0
2-2-5,A2_det_nonlinear_chain,none,2000,900061,,kl_crossfit,none,0.0
2-2-5,A2_det_nonlinear_chain,none,2000,900061,,cf1_margin,none,0.0
2-2-5,A2_det_nonlinear_chain,none,2000,900061,,slack_plugin,none,0.0
2-2-5,A2_det_nonlinear_chain,none,2000,900061,,gm_battery,none,0.0
2-2-5,A2_det_nonlinear_chain,none,2000,900061,,gtest,none,2772.3467173592117
2-2-5,A2_det_nonlinear_chain,none,2000,900062,,kl_plugin,none,0.0
2-2-5,A2_det_nonlinear_chain,none,2000,900062,,kl_split,none,0.0
2-2-5,A2_det_nonlinear_chain,none,2000,900062,,kl_crossfit,none,0.0
2-2-5,A2_det_nonlinear_chain,none,2000,900062,,cf1_margin,none,0.0
2-2-5,A2_det_nonlinear_chain,none,2000,900062,,slack_plugin,none,0.0
2-2-5,A2_det_nonlinear_chain,none,2000,900062,,gm_battery,none,0.0
2-2-5,A2_det_nonlinear_chain,none,2000,900062,,gtest,none,2772.586722239448
2-2-5,A2_det_nonlinear_chain,none,2000,900063,,kl_plugin,none,0.0
2-2-5,A2_det_nonlinear_chain,none,2000,900063,,kl_split,none,0.0
2-2-5,A2_det_nonlinear_chain,none,2000,900063,,kl_crossfit,none,0.0
2-2-5,A2_det_nonlinear_chain,none,2000,900063,,cf1_margin,none,0.0
2-2-5,A2_det_nonlinear_chain,none,2000,900063,,slack_plugin,none,0.0
2-2-5,A2_det_nonlinear_chain,none,2000,900063,,gm_battery,none,0.0
2-2-5,A2_det_nonlinear_chain,none,2000,900063,,gtest,none,2772.516721807775
2-2-5,A2_det_nonlinear_chain,none,2000,900064,,kl_plugin,none,0.0
2-2-5,A2_det_nonlinear_chain,none,2000,900064,,kl_split,none,0.0
2-2-5,A2_det_nonlinear_chain,none,2000,900064,,kl_crossfit,none,0.0
2-2-5,A2_det_nonlinear_chain,none,2000,900064,,cf1_margin,none,0.0
2-2-5,A2_det_nonlinear_chain,none,2000,900064,,slack_plugin,none,0.0
2-2-5,A2_det_nonlinear_chain,none,2000,900064,,gm_battery,none,0.0
2-2-5,A2_det_nonlinear_chain,none,2000,900064,,gtest,none,2771.9406872432455
2-2-5,A2_det_nonlinear_chain,none,2000,900065,,kl_plugin,none,0.0
2-2-5,A2_det_nonlinear_chain,none,2000,900065,,kl_split,none,0.0
2-2-5,A2_det_nonlinear_chain,none,2000,900065,,kl_crossfit,none,0.0
2-2-5,A2_det_nonlinear_chain,none,2000,900065,,cf1_margin,none,0.0
2-2-5,A2_det_nonlinear_chain,none,2000,900065,,slack_plugin,none,0.0
2-2-5,A2_det_nonlinear_chain,none,2000,900065,,gm_battery,none,0.0
2-2-5,A2_det_nonlinear_chain,none,2000,900065,,gtest,none,2772.460720874413
2-2-5,A2_det_nonlinear_chain,none,2000,900066,,kl_plugin,none,0.0
2-2-5,A2_det_nonlinear_chain,none,2000,900066,,kl_split,none,0.0
2-2-5,A2_det_nonlinear_chain,none,2000,900066,,kl_crossfit,none,0.0
2-2-5,A2_det_nonlinear_chain,none,2000,900066,,cf1_margin,none,0.0
2-2-5,A2_det_nonlinear_chain,none,2000,900066,,slack_plugin,none,0.0
2-2-5,A2_det_nonlinear_chain,none,2000,900066,,gm_battery,none,0.0
2-2-5,A2_det_nonlinear_chain,none,2000,900066,,gtest,none,2772.588722239781
2-2-5,A2_det_nonlinear_chain,none,2000,900067,,kl_plugin,none,0.0
2-2-5,A2_det_nonlinear_chain,none,2000,900067,,kl_split,none,0.0
2-2-5,A2_det_nonlinear_chain,none,2000,900067,,kl_crossfit,none,0.0
2-2-5,A2_det_nonlinear_chain,none,2000,900067,,cf1_margin,none,0.0
2-2-5,A2_det_nonlinear_chain,none,2000,900067,,slack_plugin,none,0.0
2-2-5,A2_det_nonlinear_chain,none,2000,900067,,gm_battery,none,0.0
2-2-5,A2_det_nonlinear_chain,none,2000,900067,,gtest,none,2772.460720874413
2-2-5,A2_det_nonlinear_chain,none,2000,900068,,kl_plugin,none,0.0
2-2-5,A2_det_nonlinear_chain,none,2000,900068,,kl_split,none,0.0
2-2-5,A2_det_nonlinear_chain,none,2000,900068,,kl_crossfit,none,0.0
2-2-5,A2_det_nonlinear_chain,none,2000,900068,,cf1_margin,none,0.0
2-2-5,A2_det_nonlinear_chain,none,2000,900068,,slack_plugin,none,0.0
2-2-5,A2_det_nonlinear_chain,none,2000,900068,,gm_battery,none,0.0
2-2-5,A2_det_nonlinear_chain,none,2000,900068,,gtest,none,2771.530628939704
2-2-5,A2_det_nonlinear_chain,none,2000,900069,,kl_plugin,none,0.0
2-2-5,A2_det_nonlinear_chain,none,2000,900069,,kl_split,none,0.0
2-2-5,A2_det_nonlinear_chain,none,2000,900069,,kl_crossfit,none,0.0
2-2-5,A2_det_nonlinear_chain,none,2000,900069,,cf1_margin,none,0.0
2-2-5,A2_det_nonlinear_chain,none,2000,900069,,slack_plugin,none,0.0
2-2-5,A2_det_nonlinear_chain,none,2000,900069,,gm_battery,none,0.0
2-2-5,A2_det_nonlinear_chain,none,2000,900069,,gtest,none,2772.4907214394325
2-2-5,A2_det_nonlinear_chain,none,2000,900070,,kl_plugin,none,0.0
2-2-5,A2_det_nonlinear_chain,none,2000,900070,,kl_split,none,0.0
2-2-5,A2_det_nonlinear_chain,none,2000,900070,,kl_crossfit,none,0.0
2-2-5,A2_det_nonlinear_chain,none,2000,900070,,cf1_margin,none,0.0
2-2-5,A2_det_nonlinear_chain,none,2000,900070,,slack_plugin,none,0.0
2-2-5,A2_det_nonlinear_chain,none,2000,900070,,gm_battery,none,0.0
2-2-5,A2_det_nonlinear_chain,none,2000,900070,,gtest,none,2772.4907214394325
2-2-5,A2_det_nonlinear_chain,none,2000,900071,,kl_plugin,none,0.0
2-2-5,A2_det_nonlinear_chain,none,2000,900071,,kl_split,none,0.0
2-2-5,A2_det_nonlinear_chain,none,2000,900071,,kl_crossfit,none,0.0
2-2-5,A2_det_nonlinear_chain,none,2000,900071,,cf1_margin,none,0.0
2-2-5,A2_det_nonlinear_chain,none,2000,900071,,slack_plugin,none,0.0
2-2-5,A2_det_nonlinear_chain,none,2000,900071,,gm_battery,none,0.0
2-2-5,A2_det_nonlinear_chain,none,2000,900071,,gtest,none,2771.706657401343
2-2-5,A2_det_nonlinear_chain,none,2000,900072,,kl_plugin,none,0.0
2-2-5,A2_det_nonlinear_chain,none,2000,900072,,kl_split,none,0.0
2-2-5,A2_det_nonlinear_chain,none,2000,900072,,kl_crossfit,none,0.0
2-2-5,A2_det_nonlinear_chain,none,2000,900072,,cf1_margin,none,0.0
2-2-5,A2_det_nonlinear_chain,none,2000,900072,,slack_plugin,none,0.0
2-2-5,A2_det_nonlinear_chain,none,2000,900072,,gm_battery,none,0.0
2-2-5,A2_det_nonlinear_chain,none,2000,900072,,gtest,none,2771.9406872432455
2-2-5,A2_det_nonlinear_chain,none,2000,900073,,kl_plugin,none,0.0
2-2-5,A2_det_nonlinear_chain,none,2000,900073,,kl_split,none,0.0
2-2-5,A2_det_nonlinear_chain,none,2000,900073,,kl_crossfit,none,0.0
2-2-5,A2_det_nonlinear_chain,none,2000,900073,,cf1_margin,none,0.0
2-2-5,A2_det_nonlinear_chain,none,2000,900073,,slack_plugin,none,0.0
2-2-5,A2_det_nonlinear_chain,none,2000,900073,,gm_battery,none,0.0
2-2-5,A2_det_nonlinear_chain,none,2000,900073,,gtest,none,2771.6206441393265
2-2-5,A2_det_nonlinear_chain,none,2000,900074,,kl_plugin,none,0.0
2-2-5,A2_det_nonlinear_chain,none,2000,900074,,kl_split,none,0.0
2-2-5,A2_det_nonlinear_chain,none,2000,900074,,kl_crossfit,none,0.0
2-2-5,A2_det_nonlinear_chain,none,2000,900074,,cf1_margin,none,0.0
2-2-5,A2_det_nonlinear_chain,none,2000,900074,,slack_plugin,none,0.0
2-2-5,A2_det_nonlinear_chain,none,2000,900074,,gm_battery,none,0.0
2-2-5,A2_det_nonlinear_chain,none,2000,900074,,gtest,none,2772.570722212781
2-2-5,A2_det_nonlinear_chain,none,2000,900075,,kl_plugin,none,0.0
2-2-5,A2_det_nonlinear_chain,none,2000,900075,,kl_split,none,0.0
2-2-5,A2_det_nonlinear_chain,none,2000,900075,,kl_crossfit,none,0.0
2-2-5,A2_det_nonlinear_chain,none,2000,900075,,cf1_margin,none,0.0
2-2-5,A2_det_nonlinear_chain,none,2000,900075,,slack_plugin,none,0.0
2-2-5,A2_det_nonlinear_chain,none,2000,900075,,gm_battery,none,0.0
2-2-5,A2_det_nonlinear_chain,none,2000,900075,,gtest,none,2771.9406872432455
2-2-5,A2_det_nonlinear_chain,none,2000,900076,,kl_plugin,none,0.0
2-2-5,A2_det_nonlinear_chain,none,2000,900076,,kl_split,none,0.0
2-2-5,A2_det_nonlinear_chain,none,2000,900076,,kl_crossfit,none,0.0
2-2-5,A2_det_nonlinear_chain,none,2000,900076,,cf1_margin,none,0.0
2-2-5,A2_det_nonlinear_chain,none,2000,900076,,slack_plugin,none,0.0
2-2-5,A2_det_nonlinear_chain,none,2000,900076,,gm_battery,none,0.0
2-2-5,A2_det_nonlinear_chain,none,2000,900076,,gtest,none,2771.4366116222927
2-2-5,A2_det_nonlinear_chain,none,2000,900077,,kl_plugin,none,0.0
2-2-5,A2_det_nonlinear_chain,none,2000,900077,,kl_split,none,0.0
2-2-5,A2_det_nonlinear_chain,none,2000,900077,,kl_crossfit,none,0.0
2-2-5,A2_det_nonlinear_chain,none,2000,900077,,cf1_margin,none,0.0
2-2-5,A2_det_nonlinear_chain,none,2000,900077,,slack_plugin,none,0.0
2-2-5,A2_det_nonlinear_chain,none,2000,900077,,gm_battery,none,0.0
2-2-5,A2_det_nonlinear_chain,none,2000,900077,,gtest,none,2771.0205172901688
2-2-5,A2_det_nonlinear_chain,none,2000,900078,,kl_plugin,none,0.0
2-2-5,A2_det_nonlinear_chain,none,2000,900078,,kl_split,none,0.0
2-2-5,A2_det_nonlinear_chain,none,2000,900078,,kl_crossfit,none,0.0
2-2-5,A2_det_nonlinear_chain,none,2000,900078,,cf1_margin,none,0.0
2-2-5,A2_det_nonlinear_chain,none,2000,900078,,slack_plugin,none,0.0
2-2-5,A2_det_nonlinear_chain,none,2000,900078,,gm_battery,none,0.0
2-2-5,A2_det_nonlinear_chain,none,2000,900078,,gtest,none,2771.0205172901688
2-2-5,A2_det_nonlinear_chain,none,2000,900079,,kl_plugin,none,0.0
2-2-5,A2_det_nonlinear_chain,none,2000,900079,,kl_split,none,0.0
2-2-5,A2_det_nonlinear_chain,none,2000,900079,,kl_crossfit,none,0.0
2-2-5,A2_det_nonlinear_chain,none,2000,900079,,cf1_margin,none,0.0
2-2-5,A2_det_nonlinear_chain,none,2000,900079,,slack_plugin,none,0.0
2-2-5,A2_det_nonlinear_chain,none,2000,900079,,gm_battery,none,0.0
2-2-5,A2_det_nonlinear_chain,none,2000,900079,,gtest,none,2772.5807222344474
2-2-5,A2_det_nonlinear_chain,none,2000,900080,,kl_plugin,none,0.0
2-2-5,A2_det_nonlinear_chain,none,2000,900080,,kl_split,none,0.0
2-2-5,A2_det_nonlinear_chain,none,2000,900080,,kl_crossfit,none,0.0
2-2-5,A2_det_nonlinear_chain,none,2000,900080,,cf1_margin,none,0.0
2-2-5,A2_det_nonlinear_chain,none,2000,900080,,slack_plugin,none,0.0
2-2-5,A2_det_nonlinear_chain,none,2000,900080,,gm_battery,none,0.0
2-2-5,A2_det_nonlinear_chain,none,2000,900080,,gtest,none,2772.4907214394325
2-2-5,A2_det_nonlinear_chain,none,2000,900081,,kl_plugin,none,0.0
2-2-5,A2_det_nonlinear_chain,none,2000,900081,,kl_split,none,0.0
2-2-5,A2_det_nonlinear_chain,none,2000,900081,,kl_crossfit,none,0.0
2-2-5,A2_det_nonlinear_chain,none,2000,900081,,cf1_margin,none,0.0
2-2-5,A2_det_nonlinear_chain,none,2000,900081,,slack_plugin,none,0.0
2-2-5,A2_det_nonlinear_chain,none,2000,900081,,gm_battery,none,0.0
2-2-5,A2_det_nonlinear_chain,none,2000,900081,,gtest,none,2772.4907214394325
2-2-5,A2_det_nonlinear_chain,none,2000,900082,,kl_plugin,none,0.0
2-2-5,A2_det_nonlinear_chain,none,2000,900082,,kl_split,none,0.0
2-2-5,A2_det_nonlinear_chain,none,2000,900082,,kl_crossfit,none,0.0
2-2-5,A2_det_nonlinear_chain,none,2000,900082,,cf1_margin,none,0.0
2-2-5,A2_det_nonlinear_chain,none,2000,900082,,slack_plugin,none,0.0
2-2-5,A2_det_nonlinear_chain,none,2000,900082,,gm_battery,none,0.0
2-2-5,A2_det_nonlinear_chain,none,2000,900082,,gtest,none,2772.300715327383
2-2-5,A2_det_nonlinear_chain,none,2000,900083,,kl_plugin,none,0.0
2-2-5,A2_det_nonlinear_chain,none,2000,900083,,kl_split,none,0.0
2-2-5,A2_det_nonlinear_chain,none,2000,900083,,kl_crossfit,none,0.0
2-2-5,A2_det_nonlinear_chain,none,2000,900083,,cf1_margin,none,0.0
2-2-5,A2_det_nonlinear_chain,none,2000,900083,,slack_plugin,none,0.0
2-2-5,A2_det_nonlinear_chain,none,2000,900083,,gm_battery,none,0.0
2-2-5,A2_det_nonlinear_chain,none,2000,900083,,gtest,none,2771.2365698732438
2-2-5,A2_det_nonlinear_chain,none,2000,900084,,kl_plugin,none,0.0
2-2-5,A2_det_nonlinear_chain,none,2000,900084,,kl_split,none,0.0
2-2-5,A2_det_nonlinear_chain,none,2000,900084,,kl_crossfit,none,0.0
2-2-5,A2_det_nonlinear_chain,none,2000,900084,,cf1_margin,none,0.0
2-2-5,A2_det_nonlinear_chain,none,2000,900084,,slack_plugin,none,0.0
2-2-5,A2_det_nonlinear_chain,none,2000,900084,,gm_battery,none,0.0
2-2-5,A2_det_nonlinear_chain,none,2000,900084,,gtest,none,2770.410326760485
2-2-5,A2_det_nonlinear_chain,none,2000,900085,,kl_plugin,none,0.0
2-2-5,A2_det_nonlinear_chain,none,2000,900085,,kl_split,none,0.0
2-2-5,A2_det_nonlinear_chain,none,2000,900085,,kl_crossfit,none,0.0
2-2-5,A2_det_nonlinear_chain,none,2000,900085,,cf1_margin,none,0.0
2-2-5,A2_det_nonlinear_chain,none,2000,900085,,slack_plugin,none,0.0
2-2-5,A2_det_nonlinear_chain,none,2000,900085,,gm_battery,none,0.0
2-2-5,A2_det_nonlinear_chain,none,2000,900085,,gtest,none,2771.1305450411046
2-2-5,A2_det_nonlinear_chain,none,2000,900086,,kl_plugin,none,0.0
2-2-5,A2_det_nonlinear_chain,none,2000,900086,,kl_split,none,0.0
2-2-5,A2_det_nonlinear_chain,none,2000,900086,,kl_crossfit,none,0.0
2-2-5,A2_det_nonlinear_chain,none,2000,900086,,cf1_margin,none,0.0
2-2-5,A2_det_nonlinear_chain,none,2000,900086,,slack_plugin,none,0.0
2-2-5,A2_det_nonlinear_chain,none,2000,900086,,gm_battery,none,0.0
2-2-5,A2_det_nonlinear_chain,none,2000,900086,,gtest,none,2772.460720874413
2-2-5,A2_det_nonlinear_chain,none,2000,900087,,kl_plugin,none,0.0
2-2-5,A2_det_nonlinear_chain,none,2000,900087,,kl_split,none,0.0
2-2-5,A2_det_nonlinear_chain,none,2000,900087,,kl_crossfit,none,0.0
2-2-5,A2_det_nonlinear_chain,none,2000,900087,,cf1_margin,none,0.0
2-2-5,A2_det_nonlinear_chain,none,2000,900087,,slack_plugin,none,0.0
2-2-5,A2_det_nonlinear_chain,none,2000,900087,,gm_battery,none,0.0
2-2-5,A2_det_nonlinear_chain,none,2000,900087,,gtest,none,2769.8500971771
2-2-5,A2_det_nonlinear_chain,none,2000,900088,,kl_plugin,none,0.0
2-2-5,A2_det_nonlinear_chain,none,2000,900088,,kl_split,none,0.0
2-2-5,A2_det_nonlinear_chain,none,2000,900088,,kl_crossfit,none,0.0
2-2-5,A2_det_nonlinear_chain,none,2000,900088,,cf1_margin,none,0.0
2-2-5,A2_det_nonlinear_chain,none,2000,900088,,slack_plugin,none,0.0
2-2-5,A2_det_nonlinear_chain,none,2000,900088,,gm_battery,none,0.0
2-2-5,A2_det_nonlinear_chain,none,2000,900088,,gtest,none,2769.700026792679
2-2-5,A2_det_nonlinear_chain,none,2000,900089,,kl_plugin,none,0.0
2-2-5,A2_det_nonlinear_chain,none,2000,900089,,kl_split,none,0.0
2-2-5,A2_det_nonlinear_chain,none,2000,900089,,kl_crossfit,none,0.0
2-2-5,A2_det_nonlinear_chain,none,2000,900089,,cf1_margin,none,0.0
2-2-5,A2_det_nonlinear_chain,none,2000,900089,,slack_plugin,none,0.0
2-2-5,A2_det_nonlinear_chain,none,2000,900089,,gm_battery,none,0.0
2-2-5,A2_det_nonlinear_chain,none,2000,900089,,gtest,none,2772.4907214394325
2-2-5,A2_det_nonlinear_chain,none,2000,900090,,kl_plugin,none,0.0
2-2-5,A2_det_nonlinear_chain,none,2000,900090,,kl_split,none,0.0
2-2-5,A2_det_nonlinear_chain,none,2000,900090,,kl_crossfit,none,0.0
2-2-5,A2_det_nonlinear_chain,none,2000,900090,,cf1_margin,none,0.0
2-2-5,A2_det_nonlinear_chain,none,2000,900090,,slack_plugin,none,0.0
2-2-5,A2_det_nonlinear_chain,none,2000,900090,,gm_battery,none,0.0
2-2-5,A2_det_nonlinear_chain,none,2000,900090,,gtest,none,2771.6206441393265
2-2-5,A2_det_nonlinear_chain,none,2000,900091,,kl_plugin,none,0.0
2-2-5,A2_det_nonlinear_chain,none,2000,900091,,kl_split,none,0.0
2-2-5,A2_det_nonlinear_chain,none,2000,900091,,kl_crossfit,none,0.0
2-2-5,A2_det_nonlinear_chain,none,2000,900091,,cf1_margin,none,0.0
2-2-5,A2_det_nonlinear_chain,none,2000,900091,,slack_plugin,none,0.0
2-2-5,A2_det_nonlinear_chain,none,2000,900091,,gm_battery,none,0.0
2-2-5,A2_det_nonlinear_chain,none,2000,900091,,gtest,none,2772.570722212781
2-2-5,A2_det_nonlinear_chain,none,2000,900092,,kl_plugin,none,0.0
2-2-5,A2_det_nonlinear_chain,none,2000,900092,,kl_split,none,0.0
2-2-5,A2_det_nonlinear_chain,none,2000,900092,,kl_crossfit,none,0.0
2-2-5,A2_det_nonlinear_chain,none,2000,900092,,cf1_margin,none,0.0
2-2-5,A2_det_nonlinear_chain,none,2000,900092,,slack_plugin,none,0.0
2-2-5,A2_det_nonlinear_chain,none,2000,900092,,gm_battery,none,0.0
2-2-5,A2_det_nonlinear_chain,none,2000,900092,,gtest,none,2771.7886688979124
2-2-5,A2_det_nonlinear_chain,none,2000,900093,,kl_plugin,none,0.0
2-2-5,A2_det_nonlinear_chain,none,2000,900093,,kl_split,none,0.0
2-2-5,A2_det_nonlinear_chain,none,2000,900093,,kl_crossfit,none,0.0
2-2-5,A2_det_nonlinear_chain,none,2000,900093,,cf1_margin,none,0.0
2-2-5,A2_det_nonlinear_chain,none,2000,900093,,slack_plugin,none,0.0
2-2-5,A2_det_nonlinear_chain,none,2000,900093,,gm_battery,none,0.0
2-2-5,A2_det_nonlinear_chain,none,2000,900093,,gtest,none,2772.1387053632625
2-2-5,A2_det_nonlinear_chain,none,2000,900094,,kl_plugin,none,0.0
2-2-5,A2_det_nonlinear_chain,none,2000,900094,,kl_split,none,0.0
2-2-5,A2_det_nonlinear_chain,none,2000,900094,,kl_crossfit,none,0.0
2-2-5,A2_det_nonlinear_chain,none,2000,900094,,cf1_margin,none,0.0
2-2-5,A2_det_nonlinear_chain,none,2000,900094,,slack_plugin,none,0.0
2-2-5,A2_det_nonlinear_chain,none,2000,900094,,gm_battery,none,0.0
2-2-5,A2_det_nonlinear_chain,none,2000,900094,,gtest,none,2769.996162077342
2-2-5,A2_det_nonlinear_chain,none,2000,900095,,kl_plugin,none,0.0
2-2-5,A2_det_nonlinear_chain,none,2000,900095,,kl_split,none,0.0
2-2-5,A2_det_nonlinear_chain,none,2000,900095,,kl_crossfit,none,0.0
2-2-5,A2_det_nonlinear_chain,none,2000,900095,,cf1_margin,none,0.0
2-2-5,A2_det_nonlinear_chain,none,2000,900095,,slack_plugin,none,0.0
2-2-5,A2_det_nonlinear_chain,none,2000,900095,,gm_battery,none,0.0
2-2-5,A2_det_nonlinear_chain,none,2000,900095,,gtest,none,2769.0596842752184
2-2-5,A2_det_nonlinear_chain,none,2000,900096,,kl_plugin,none,0.0
2-2-5,A2_det_nonlinear_chain,none,2000,900096,,kl_split,none,0.0
2-2-5,A2_det_nonlinear_chain,none,2000,900096,,kl_crossfit,none,0.0
2-2-5,A2_det_nonlinear_chain,none,2000,900096,,cf1_margin,none,0.0
2-2-5,A2_det_nonlinear_chain,none,2000,900096,,slack_plugin,none,0.0
2-2-5,A2_det_nonlinear_chain,none,2000,900096,,gm_battery,none,0.0
2-2-5,A2_det_nonlinear_chain,none,2000,900096,,gtest,none,2772.196709433444
2-2-5,A2_det_nonlinear_chain,none,2000,900097,,kl_plugin,none,0.0
2-2-5,A2_det_nonlinear_chain,none,2000,900097,,kl_split,none,0.0
2-2-5,A2_det_nonlinear_chain,none,2000,900097,,kl_crossfit,none,0.0
2-2-5,A2_det_nonlinear_chain,none,2000,900097,,cf1_margin,none,0.0
2-2-5,A2_det_nonlinear_chain,none,2000,900097,,slack_plugin,none,0.0
2-2-5,A2_det_nonlinear_chain,none,2000,900097,,gm_battery,none,0.0
2-2-5,A2_det_nonlinear_chain,none,2000,900097,,gtest,none,2771.338591998885
2-2-5,A2_det_nonlinear_chain,none,2000,900098,,kl_plugin,none,0.0
2-2-5,A2_det_nonlinear_chain,none,2000,900098,,kl_split,none,0.0
2-2-5,A2_det_nonlinear_chain,none,2000,900098,,kl_crossfit,none,0.0
2-2-5,A2_det_nonlinear_chain,none,2000,900098,,cf1_margin,none,0.0
2-2-5,A2_det_nonlinear_chain,none,2000,900098,,slack_plugin,none,0.0
2-2-5,A2_det_nonlinear_chain,none,2000,900098,,gm_battery,none,0.0
2-2-5,A2_det_nonlinear_chain,none,2000,900098,,gtest,none,2772.3887189063144
2-2-5,A2_det_nonlinear_chain,none,2000,900099,,kl_plugin,none,0.0
2-2-5,A2_det_nonlinear_chain,none,2000,900099,,kl_split,none,0.0
2-2-5,A2_det_nonlinear_chain,none,2000,900099,,kl_crossfit,none,0.0
2-2-5,A2_det_nonlinear_chain,none,2000,900099,,cf1_margin,none,0.0
2-2-5,A2_det_nonlinear_chain,none,2000,900099,,slack_plugin,none,0.0
2-2-5,A2_det_nonlinear_chain,none,2000,900099,,gm_battery,none,0.0
2-2-5,A2_det_nonlinear_chain,none,2000,900099,,gtest,none,2770.906486400103
2-2-5,A2_det_nonlinear_chain,none,2000,900100,,kl_plugin,none,0.0
2-2-5,A2_det_nonlinear_chain,none,2000,900100,,kl_split,none,0.0
2-2-5,A2_det_nonlinear_chain,none,2000,900100,,kl_crossfit,none,0.0
2-2-5,A2_det_nonlinear_chain,none,2000,900100,,cf1_margin,none,0.0
2-2-5,A2_det_nonlinear_chain,none,2000,900100,,slack_plugin,none,0.0
2-2-5,A2_det_nonlinear_chain,none,2000,900100,,gm_battery,none,0.0
2-2-5,A2_det_nonlinear_chain,none,2000,900100,,gtest,none,2772.5807222344474
2-2-5,A2_det_nonlinear_chain,none,2000,900101,,kl_plugin,none,0.0
2-2-5,A2_det_nonlinear_chain,none,2000,900101,,kl_split,none,0.0
2-2-5,A2_det_nonlinear_chain,none,2000,900101,,kl_crossfit,none,0.0
2-2-5,A2_det_nonlinear_chain,none,2000,900101,,cf1_margin,none,0.0
2-2-5,A2_det_nonlinear_chain,none,2000,900101,,slack_plugin,none,0.0
2-2-5,A2_det_nonlinear_chain,none,2000,900101,,gm_battery,none,0.0
2-2-5,A2_det_nonlinear_chain,none,2000,900101,,gtest,none,2772.516721807775
2-2-5,A2_det_nonlinear_chain,none,2000,900102,,kl_plugin,none,0.0
2-2-5,A2_det_nonlinear_chain,none,2000,900102,,kl_split,none,0.0
2-2-5,A2_det_nonlinear_chain,none,2000,900102,,kl_crossfit,none,0.0
2-2-5,A2_det_nonlinear_chain,none,2000,900102,,cf1_margin,none,0.0
2-2-5,A2_det_nonlinear_chain,none,2000,900102,,slack_plugin,none,0.0
2-2-5,A2_det_nonlinear_chain,none,2000,900102,,gm_battery,none,0.0
2-2-5,A2_det_nonlinear_chain,none,2000,900102,,gtest,none,2772.570722212781
2-2-5,A2_det_nonlinear_chain,none,2000,900103,,kl_plugin,none,0.0
2-2-5,A2_det_nonlinear_chain,none,2000,900103,,kl_split,none,0.0
2-2-5,A2_det_nonlinear_chain,none,2000,900103,,kl_crossfit,none,0.0
2-2-5,A2_det_nonlinear_chain,none,2000,900103,,cf1_margin,none,0.0
2-2-5,A2_det_nonlinear_chain,none,2000,900103,,slack_plugin,none,0.0
2-2-5,A2_det_nonlinear_chain,none,2000,900103,,gm_battery,none,0.0
2-2-5,A2_det_nonlinear_chain,none,2000,900103,,gtest,none,2772.556722154447
2-2-5,A2_det_nonlinear_chain,none,2000,900104,,kl_plugin,none,0.0
2-2-5,A2_det_nonlinear_chain,none,2000,900104,,kl_split,none,0.0
2-2-5,A2_det_nonlinear_chain,none,2000,900104,,kl_crossfit,none,0.0
2-2-5,A2_det_nonlinear_chain,none,2000,900104,,cf1_margin,none,0.0
2-2-5,A2_det_nonlinear_chain,none,2000,900104,,slack_plugin,none,0.0
2-2-5,A2_det_nonlinear_chain,none,2000,900104,,gm_battery,none,0.0
2-2-5,A2_det_nonlinear_chain,none,2000,900104,,gtest,none,2772.516721807775
2-2-5,A2_det_nonlinear_chain,none,2000,900105,,kl_plugin,none,0.0
2-2-5,A2_det_nonlinear_chain,none,2000,900105,,kl_split,none,0.0
2-2-5,A2_det_nonlinear_chain,none,2000,900105,,kl_crossfit,none,0.0
2-2-5,A2_det_nonlinear_chain,none,2000,900105,,cf1_margin,none,0.0
2-2-5,A2_det_nonlinear_chain,none,2000,900105,,slack_plugin,none,0.0
2-2-5,A2_det_nonlinear_chain,none,2000,900105,,gm_battery,none,0.0
2-2-5,A2_det_nonlinear_chain,none,2000,900105,,gtest,none,2772.4267200527106
2-2-5,A2_det_nonlinear_chain,none,2000,900106,,kl_plugin,none,0.0
2-2-5,A2_det_nonlinear_chain,none,2000,900106,,kl_split,none,0.0
2-2-5,A2_det_nonlinear_chain,none,2000,900106,,kl_crossfit,none,0.0
2-2-5,A2_det_nonlinear_chain,none,2000,900106,,cf1_margin,none,0.0
2-2-5,A2_det_nonlinear_chain,none,2000,900106,,slack_plugin,none,0.0
2-2-5,A2_det_nonlinear_chain,none,2000,900106,,gm_battery,none,0.0
2-2-5,A2_det_nonlinear_chain,none,2000,900106,,gtest,none,2771.4366116222927
2-2-5,A2_det_nonlinear_chain,none,2000,900107,,kl_plugin,none,0.0
2-2-5,A2_det_nonlinear_chain,none,2000,900107,,kl_split,none,0.0
2-2-5,A2_det_nonlinear_chain,none,2000,900107,,kl_crossfit,none,0.0
2-2-5,A2_det_nonlinear_chain,none,2000,900107,,cf1_margin,none,0.0
2-2-5,A2_det_nonlinear_chain,none,2000,900107,,slack_plugin,none,0.0
2-2-5,A2_det_nonlinear_chain,none,2000,900107,,gm_battery,none,0.0
2-2-5,A2_det_nonlinear_chain,none,2000,900107,,gtest,none,2772.4267200527106
2-2-5,A2_det_nonlinear_chain,none,2000,900108,,kl_plugin,none,0.0
2-2-5,A2_det_nonlinear_chain,none,2000,900108,,kl_split,none,0.0
2-2-5,A2_det_nonlinear_chain,none,2000,900108,,kl_crossfit,none,0.0
2-2-5,A2_det_nonlinear_chain,none,2000,900108,,cf1_margin,none,0.0
2-2-5,A2_det_nonlinear_chain,none,2000,900108,,slack_plugin,none,0.0
2-2-5,A2_det_nonlinear_chain,none,2000,900108,,gm_battery,none,0.0
2-2-5,A2_det_nonlinear_chain,none,2000,900108,,gtest,none,2772.3467173592117
2-2-5,A2_det_nonlinear_chain,none,2000,900109,,kl_plugin,none,0.0
2-2-5,A2_det_nonlinear_chain,none,2000,900109,,kl_split,none,0.0
2-2-5,A2_det_nonlinear_chain,none,2000,900109,,kl_crossfit,none,0.0
2-2-5,A2_det_nonlinear_chain,none,2000,900109,,cf1_margin,none,0.0
2-2-5,A2_det_nonlinear_chain,none,2000,900109,,slack_plugin,none,0.0
2-2-5,A2_det_nonlinear_chain,none,2000,900109,,gm_battery,none,0.0
2-2-5,A2_det_nonlinear_chain,none,2000,900109,,gtest,none,2772.556722154447
2-2-5,A2_det_nonlinear_chain,none,2000,900110,,kl_plugin,none,0.0
2-2-5,A2_det_nonlinear_chain,none,2000,900110,,kl_split,none,0.0
2-2-5,A2_det_nonlinear_chain,none,2000,900110,,kl_crossfit,none,0.0
2-2-5,A2_det_nonlinear_chain,none,2000,900110,,cf1_margin,none,0.0
2-2-5,A2_det_nonlinear_chain,none,2000,900110,,slack_plugin,none,0.0
2-2-5,A2_det_nonlinear_chain,none,2000,900110,,gm_battery,none,0.0
2-2-5,A2_det_nonlinear_chain,none,2000,900110,,gtest,none,2769.8500971771
2-2-5,A2_det_nonlinear_chain,none,2000,900111,,kl_plugin,none,0.0
2-2-5,A2_det_nonlinear_chain,none,2000,900111,,kl_split,none,0.0
2-2-5,A2_det_nonlinear_chain,none,2000,900111,,kl_crossfit,none,0.0
2-2-5,A2_det_nonlinear_chain,none,2000,900111,,cf1_margin,none,0.0
2-2-5,A2_det_nonlinear_chain,none,2000,900111,,slack_plugin,none,0.0
2-2-5,A2_det_nonlinear_chain,none,2000,900111,,gm_battery,none,0.0
2-2-5,A2_det_nonlinear_chain,none,2000,900111,,gtest,none,2772.538722031446
2-2-5,A2_det_nonlinear_chain,none,2000,900112,,kl_plugin,none,0.0
2-2-5,A2_det_nonlinear_chain,none,2000,900112,,kl_split,none,0.0
2-2-5,A2_det_nonlinear_chain,none,2000,900112,,kl_crossfit,none,0.0
2-2-5,A2_det_nonlinear_chain,none,2000,900112,,cf1_margin,none,0.0
2-2-5,A2_det_nonlinear_chain,none,2000,900112,,slack_plugin,none,0.0
2-2-5,A2_det_nonlinear_chain,none,2000,900112,,gm_battery,none,0.0
2-2-5,A2_det_nonlinear_chain,none,2000,900112,,gtest,none,2772.010694396229
2-2-5,A2_det_nonlinear_chain,none,2000,900113,,kl_plugin,none,0.0
2-2-5,A2_det_nonlinear_chain,none,2000,900113,,kl_split,none,0.0
2-2-5,A2_det_nonlinear_chain,none,2000,900113,,kl_crossfit,none,0.0
2-2-5,A2_det_nonlinear_chain,none,2000,900113,,cf1_margin,none,0.0
2-2-5,A2_det_nonlinear_chain,none,2000,900113,,slack_plugin,none,0.0
2-2-5,A2_det_nonlinear_chain,none,2000,900113,,gm_battery,none,0.0
2-2-5,A2_det_nonlinear_chain,none,2000,900113,,gtest,none,2771.6206441393265
2-2-5,A2_det_nonlinear_chain,none,2000,900114,,kl_plugin,none,0.0
2-2-5,A2_det_nonlinear_chain,none,2000,900114,,kl_split,none,0.0
2-2-5,A2_det_nonlinear_chain,none,2000,900114,,kl_crossfit,none,0.0
2-2-5,A2_det_nonlinear_chain,none,2000,900114,,cf1_margin,none,0.0
2-2-5,A2_det_nonlinear_chain,none,2000,900114,,slack_plugin,none,0.0
2-2-5,A2_det_nonlinear_chain,none,2000,900114,,gm_battery,none,0.0
2-2-5,A2_det_nonlinear_chain,none,2000,900114,,gtest,none,2772.516721807775
2-2-5,A2_det_nonlinear_chain,none,2000,900115,,kl_plugin,none,0.0
2-2-5,A2_det_nonlinear_chain,none,2000,900115,,kl_split,none,0.0
2-2-5,A2_det_nonlinear_chain,none,2000,900115,,kl_crossfit,none,0.0
2-2-5,A2_det_nonlinear_chain,none,2000,900115,,cf1_margin,none,0.0
2-2-5,A2_det_nonlinear_chain,none,2000,900115,,slack_plugin,none,0.0
2-2-5,A2_det_nonlinear_chain,none,2000,900115,,gm_battery,none,0.0
2-2-5,A2_det_nonlinear_chain,none,2000,900115,,gtest,none,2771.6206441393265
2-2-5,A2_det_nonlinear_chain,none,2000,900116,,kl_plugin,none,0.0
2-2-5,A2_det_nonlinear_chain,none,2000,900116,,kl_split,none,0.0
2-2-5,A2_det_nonlinear_chain,none,2000,900116,,kl_crossfit,none,0.0
2-2-5,A2_det_nonlinear_chain,none,2000,900116,,cf1_margin,none,0.0
2-2-5,A2_det_nonlinear_chain,none,2000,900116,,slack_plugin,none,0.0
2-2-5,A2_det_nonlinear_chain,none,2000,900116,,gm_battery,none,0.0
2-2-5,A2_det_nonlinear_chain,none,2000,900116,,gtest,none,2770.1382217861847
2-2-5,A2_det_nonlinear_chain,none,2000,900117,,kl_plugin,none,0.0
2-2-5,A2_det_nonlinear_chain,none,2000,900117,,kl_split,none,0.0
2-2-5,A2_det_nonlinear_chain,none,2000,900117,,kl_crossfit,none,0.0
2-2-5,A2_det_nonlinear_chain,none,2000,900117,,cf1_margin,none,0.0
2-2-5,A2_det_nonlinear_chain,none,2000,900117,,slack_plugin,none,0.0
2-2-5,A2_det_nonlinear_chain,none,2000,900117,,gm_battery,none,0.0
2-2-5,A2_det_nonlinear_chain,none,2000,900117,,gtest,none,2772.516721807775
2-2-5,A2_det_nonlinear_chain,none,2000,900118,,kl_plugin,none,0.0
2-2-5,A2_det_nonlinear_chain,none,2000,900118,,kl_split,none,0.0
2-2-5,A2_det_nonlinear_chain,none,2000,900118,,kl_crossfit,none,0.0
2-2-5,A2_det_nonlinear_chain,none,2000,900118,,cf1_margin,none,0.0
2-2-5,A2_det_nonlinear_chain,none,2000,900118,,slack_plugin,none,0.0
2-2-5,A2_det_nonlinear_chain,none,2000,900118,,gm_battery,none,0.0
2-2-5,A2_det_nonlinear_chain,none,2000,900118,,gtest,none,2772.5807222344474
2-2-5,A2_det_nonlinear_chain,none,2000,900119,,kl_plugin,none,0.0
2-2-5,A2_det_nonlinear_chain,none,2000,900119,,kl_split,none,0.0
2-2-5,A2_det_nonlinear_chain,none,2000,900119,,kl_crossfit,none,0.0
2-2-5,A2_det_nonlinear_chain,none,2000,900119,,cf1_margin,none,0.0
2-2-5,A2_det_nonlinear_chain,none,2000,900119,,slack_plugin,none,0.0
2-2-5,A2_det_nonlinear_chain,none,2000,900119,,gm_battery,none,0.0
2-2-5,A2_det_nonlinear_chain,none,2000,900119,,gtest,none,2772.196709433444
2-2-5,A2_det_nonlinear_chain,none,2000,900120,,kl_plugin,none,0.0
2-2-5,A2_det_nonlinear_chain,none,2000,900120,,kl_split,none,0.0
2-2-5,A2_det_nonlinear_chain,none,2000,900120,,kl_crossfit,none,0.0
2-2-5,A2_det_nonlinear_chain,none,2000,900120,,cf1_margin,none,0.0
2-2-5,A2_det_nonlinear_chain,none,2000,900120,,slack_plugin,none,0.0
2-2-5,A2_det_nonlinear_chain,none,2000,900120,,gm_battery,none,0.0
2-2-5,A2_det_nonlinear_chain,none,2000,900120,,gtest,none,2767.7847987915657
2-2-5,A2_det_nonlinear_chain,none,2000,900121,,kl_plugin,none,0.0
2-2-5,A2_det_nonlinear_chain,none,2000,900121,,kl_split,none,0.0
2-2-5,A2_det_nonlinear_chain,none,2000,900121,,kl_crossfit,none,0.0
2-2-5,A2_det_nonlinear_chain,none,2000,900121,,cf1_margin,none,0.0
2-2-5,A2_det_nonlinear_chain,none,2000,900121,,slack_plugin,none,0.0
2-2-5,A2_det_nonlinear_chain,none,2000,900121,,gm_battery,none,0.0
2-2-5,A2_det_nonlinear_chain,none,2000,900121,,gtest,none,2770.666414281053
2-2-5,A2_det_nonlinear_chain,none,2000,900122,,kl_plugin,none,0.0
2-2-5,A2_det_nonlinear_chain,none,2000,900122,,kl_split,none,0.0
2-2-5,A2_det_nonlinear_chain,none,2000,900122,,kl_crossfit,none,0.0
2-2-5,A2_det_nonlinear_chain,none,2000,900122,,cf1_margin,none,0.0
2-2-5,A2_det_nonlinear_chain,none,2000,900122,,slack_plugin,none,0.0
2-2-5,A2_det_nonlinear_chain,none,2000,900122,,gm_battery,none,0.0
2-2-5,A2_det_nonlinear_chain,none,2000,900122,,gtest,none,2772.516721807775
2-2-5,A2_det_nonlinear_chain,none,2000,900123,,kl_plugin,none,0.0
2-2-5,A2_det_nonlinear_chain,none,2000,900123,,kl_split,none,0.0
2-2-5,A2_det_nonlinear_chain,none,2000,900123,,kl_crossfit,none,0.0
2-2-5,A2_det_nonlinear_chain,none,2000,900123,,cf1_margin,none,0.0
2-2-5,A2_det_nonlinear_chain,none,2000,900123,,slack_plugin,none,0.0
2-2-5,A2_det_nonlinear_chain,none,2000,900123,,gm_battery,none,0.0
2-2-5,A2_det_nonlinear_chain,none,2000,900123,,gtest,none,2772.3887189063144
2-2-5,A2_det_nonlinear_chain,none,2000,900124,,kl_plugin,none,0.0
2-2-5,A2_det_nonlinear_chain,none,2000,900124,,kl_split,none,0.0
2-2-5,A2_det_nonlinear_chain,none,2000,900124,,kl_crossfit,none,0.0
2-2-5,A2_det_nonlinear_chain,none,2000,900124,,cf1_margin,none,0.0
2-2-5,A2_det_nonlinear_chain,none,2000,900124,,slack_plugin,none,0.0
2-2-5,A2_det_nonlinear_chain,none,2000,900124,,gm_battery,none,0.0
2-2-5,A2_det_nonlinear_chain,none,2000,900124,,gtest,none,2772.076700392211
2-2-5,A2_det_nonlinear_chain,none,2000,900125,,kl_plugin,none,0.0
2-2-5,A2_det_nonlinear_chain,none,2000,900125,,kl_split,none,0.0
2-2-5,A2_det_nonlinear_chain,none,2000,900125,,kl_crossfit,none,0.0
2-2-5,A2_det_nonlinear_chain,none,2000,900125,,cf1_margin,none,0.0
2-2-5,A2_det_nonlinear_chain,none,2000,900125,,slack_plugin,none,0.0
2-2-5,A2_det_nonlinear_chain,none,2000,900125,,gm_battery,none,0.0
2-2-5,A2_det_nonlinear_chain,none,2000,900125,,gtest,none,2772.1387053632625
2-2-5,A2_det_nonlinear_chain,none,2000,900126,,kl_plugin,none,0.0
2-2-5,A2_det_nonlinear_chain,none,2000,900126,,kl_split,none,0.0
2-2-5,A2_det_nonlinear_chain,none,2000,900126,,kl_crossfit,none,0.0
2-2-5,A2_det_nonlinear_chain,none,2000,900126,,cf1_margin,none,0.0
2-2-5,A2_det_nonlinear_chain,none,2000,900126,,slack_plugin,none,0.0
2-2-5,A2_det_nonlinear_chain,none,2000,900126,,gm_battery,none,0.0
2-2-5,A2_det_nonlinear_chain,none,2000,900126,,gtest,none,2772.010694396229
2-2-5,A2_det_nonlinear_chain,none,2000,900127,,kl_plugin,none,0.0
2-2-5,A2_det_nonlinear_chain,none,2000,900127,,kl_split,none,0.0
2-2-5,A2_det_nonlinear_chain,none,2000,900127,,kl_crossfit,none,0.0
2-2-5,A2_det_nonlinear_chain,none,2000,900127,,cf1_margin,none,0.0
2-2-5,A2_det_nonlinear_chain,none,2000,900127,,slack_plugin,none,0.0
2-2-5,A2_det_nonlinear_chain,none,2000,900127,,gm_battery,none,0.0
2-2-5,A2_det_nonlinear_chain,none,2000,900127,,gtest,none,2772.538722031446
2-2-5,A2_det_nonlinear_chain,none,2000,900128,,kl_plugin,none,0.0
2-2-5,A2_det_nonlinear_chain,none,2000,900128,,kl_split,none,0.0
2-2-5,A2_det_nonlinear_chain,none,2000,900128,,kl_crossfit,none,0.0
2-2-5,A2_det_nonlinear_chain,none,2000,900128,,cf1_margin,none,0.0
2-2-5,A2_det_nonlinear_chain,none,2000,900128,,slack_plugin,none,0.0
2-2-5,A2_det_nonlinear_chain,none,2000,900128,,gm_battery,none,0.0
2-2-5,A2_det_nonlinear_chain,none,2000,900128,,gtest,none,2772.588722239781
2-2-5,A2_det_nonlinear_chain,none,2000,900129,,kl_plugin,none,0.0
2-2-5,A2_det_nonlinear_chain,none,2000,900129,,kl_split,none,0.0
2-2-5,A2_det_nonlinear_chain,none,2000,900129,,kl_crossfit,none,0.0
2-2-5,A2_det_nonlinear_chain,none,2000,900129,,cf1_margin,none,0.0
2-2-5,A2_det_nonlinear_chain,none,2000,900129,,slack_plugin,none,0.0
2-2-5,A2_det_nonlinear_chain,none,2000,900129,,gm_battery,none,0.0
2-2-5,A2_det_nonlinear_chain,none,2000,900129,,gtest,none,2772.538722031446
2-2-5,A2_det_nonlinear_chain,none,2000,900130,,kl_plugin,none,0.0
2-2-5,A2_det_nonlinear_chain,none,2000,900130,,kl_split,none,0.0
2-2-5,A2_det_nonlinear_chain,none,2000,900130,,kl_crossfit,none,0.0
2-2-5,A2_det_nonlinear_chain,none,2000,900130,,cf1_margin,none,0.0
2-2-5,A2_det_nonlinear_chain,none,2000,900130,,slack_plugin,none,0.0
2-2-5,A2_det_nonlinear_chain,none,2000,900130,,gm_battery,none,0.0
2-2-5,A2_det_nonlinear_chain,none,2000,900130,,gtest,none,2771.9406872432455
2-2-5,A2_det_nonlinear_chain,none,2000,900131,,kl_plugin,none,0.0
2-2-5,A2_det_nonlinear_chain,none,2000,900131,,kl_split,none,0.0
2-2-5,A2_det_nonlinear_chain,none,2000,900131,,kl_crossfit,none,0.0
2-2-5,A2_det_nonlinear_chain,none,2000,900131,,cf1_margin,none,0.0
2-2-5,A2_det_nonlinear_chain,none,2000,900131,,slack_plugin,none,0.0
2-2-5,A2_det_nonlinear_chain,none,2000,900131,,gm_battery,none,0.0
2-2-5,A2_det_nonlinear_chain,none,2000,900131,,gtest,none,2772.3467173592117
2-2-5,A2_det_nonlinear_chain,none,2000,900132,,kl_plugin,none,0.0
2-2-5,A2_det_nonlinear_chain,none,2000,900132,,kl_split,none,0.0
2-2-5,A2_det_nonlinear_chain,none,2000,900132,,kl_crossfit,none,0.0
2-2-5,A2_det_nonlinear_chain,none,2000,900132,,cf1_margin,none,0.0
2-2-5,A2_det_nonlinear_chain,none,2000,900132,,slack_plugin,none,0.0
2-2-5,A2_det_nonlinear_chain,none,2000,900132,,gm_battery,none,0.0
2-2-5,A2_det_nonlinear_chain,none,2000,900132,,gtest,none,2772.076700392211
2-2-5,A2_det_nonlinear_chain,none,2000,900133,,kl_plugin,none,0.0
2-2-5,A2_det_nonlinear_chain,none,2000,900133,,kl_split,none,0.0
2-2-5,A2_det_nonlinear_chain,none,2000,900133,,kl_crossfit,none,0.0
2-2-5,A2_det_nonlinear_chain,none,2000,900133,,cf1_margin,none,0.0
2-2-5,A2_det_nonlinear_chain,none,2000,900133,,slack_plugin,none,0.0
2-2-5,A2_det_nonlinear_chain,none,2000,900133,,gm_battery,none,0.0
2-2-5,A2_det_nonlinear_chain,none,2000,900133,,gtest,none,2772.196709433444
2-2-5,A2_det_nonlinear_chain,none,2000,900134,,kl_plugin,none,0.0
2-2-5,A2_det_nonlinear_chain,none,2000,900134,,kl_split,none,0.0
2-2-5,A2_det_nonlinear_chain,none,2000,900134,,kl_crossfit,none,0.0
2-2-5,A2_det_nonlinear_chain,none,2000,900134,,cf1_margin,none,0.0
2-2-5,A2_det_nonlinear_chain,none,2000,900134,,slack_plugin,none,0.0
2-2-5,A2_det_nonlinear_chain,none,2000,900134,,gm_battery,none,0.0
2-2-5,A2_det_nonlinear_chain,none,2000,900134,,gtest,none,2771.8666787931734
2-2-5,A2_det_nonlinear_chain,none,2000,900135,,kl_plugin,none,0.0
2-2-5,A2_det_nonlinear_chain,none,2000,900135,,kl_split,none,0.0
2-2-5,A2_det_nonlinear_chain,none,2000,900135,,kl_crossfit,none,0.0
2-2-5,A2_det_nonlinear_chain,none,2000,900135,,cf1_margin,none,0.0
2-2-5,A2_det_nonlinear_chain,none,2000,900135,,slack_plugin,none,0.0
2-2-5,A2_det_nonlinear_chain,none,2000,900135,,gm_battery,none,0.0
2-2-5,A2_det_nonlinear_chain,none,2000,900135,,gtest,none,2772.460720874413
2-2-5,A2_det_nonlinear_chain,none,2000,900136,,kl_plugin,none,0.0
2-2-5,A2_det_nonlinear_chain,none,2000,900136,,kl_split,none,0.0
2-2-5,A2_det_nonlinear_chain,none,2000,900136,,kl_crossfit,none,0.0
2-2-5,A2_det_nonlinear_chain,none,2000,900136,,cf1_margin,none,0.0
2-2-5,A2_det_nonlinear_chain,none,2000,900136,,slack_plugin,none,0.0
2-2-5,A2_det_nonlinear_chain,none,2000,900136,,gm_battery,none,0.0
2-2-5,A2_det_nonlinear_chain,none,2000,900136,,gtest,none,2772.1387053632625
2-2-5,A2_det_nonlinear_chain,none,2000,900137,,kl_plugin,none,0.0
2-2-5,A2_det_nonlinear_chain,none,2000,900137,,kl_split,none,0.0
2-2-5,A2_det_nonlinear_chain,none,2000,900137,,kl_crossfit,none,0.0
2-2-5,A2_det_nonlinear_chain,none,2000,900137,,cf1_margin,none,0.0
2-2-5,A2_det_nonlinear_chain,none,2000,900137,,slack_plugin,none,0.0
2-2-5,A2_det_nonlinear_chain,none,2000,900137,,gm_battery,none,0.0
2-2-5,A2_det_nonlinear_chain,none,2000,900137,,gtest,none,2771.0205172901688
2-2-5,A2_det_nonlinear_chain,none,2000,900138,,kl_plugin,none,0.0
2-2-5,A2_det_nonlinear_chain,none,2000,900138,,kl_split,none,0.0
2-2-5,A2_det_nonlinear_chain,none,2000,900138,,kl_crossfit,none,0.0
2-2-5,A2_det_nonlinear_chain,none,2000,900138,,cf1_margin,none,0.0
2-2-5,A2_det_nonlinear_chain,none,2000,900138,,slack_plugin,none,0.0
2-2-5,A2_det_nonlinear_chain,none,2000,900138,,gm_battery,none,0.0
2-2-5,A2_det_nonlinear_chain,none,2000,900138,,gtest,none,2771.338591998885
2-2-5,A2_det_nonlinear_chain,none,2000,900139,,kl_plugin,none,0.0
2-2-5,A2_det_nonlinear_chain,none,2000,900139,,kl_split,none,0.0
2-2-5,A2_det_nonlinear_chain,none,2000,900139,,kl_crossfit,none,0.0
2-2-5,A2_det_nonlinear_chain,none,2000,900139,,cf1_margin,none,0.0
2-2-5,A2_det_nonlinear_chain,none,2000,900139,,slack_plugin,none,0.0
2-2-5,A2_det_nonlinear_chain,none,2000,900139,,gm_battery,none,0.0
2-2-5,A2_det_nonlinear_chain,none,2000,900139,,gtest,none,2772.3887189063144
2-2-5,A2_det_nonlinear_chain,none,2000,900140,,kl_plugin,none,0.0
2-2-5,A2_det_nonlinear_chain,none,2000,900140,,kl_split,none,0.0
2-2-5,A2_det_nonlinear_chain,none,2000,900140,,kl_crossfit,none,0.0
2-2-5,A2_det_nonlinear_chain,none,2000,900140,,cf1_margin,none,0.0
2-2-5,A2_det_nonlinear_chain,none,2000,900140,,slack_plugin,none,0.0
2-2-5,A2_det_nonlinear_chain,none,2000,900140,,gm_battery,none,0.0
2-2-5,A2_det_nonlinear_chain,none,2000,900140,,gtest,none,2769.8500971771
2-2-5,A2_det_nonlinear_chain,none,2000,900141,,kl_plugin,none,0.0
2-2-5,A2_det_nonlinear_chain,none,2000,900141,,kl_split,none,0.0
2-2-5,A2_det_nonlinear_chain,none,2000,900141,,kl_crossfit,none,0.0
2-2-5,A2_det_nonlinear_chain,none,2000,900141,,cf1_margin,none,0.0
2-2-5,A2_det_nonlinear_chain,none,2000,900141,,slack_plugin,none,0.0
2-2-5,A2_det_nonlinear_chain,none,2000,900141,,gm_battery,none,0.0
2-2-5,A2_det_nonlinear_chain,none,2000,900141,,gtest,none,2772.570722212781
2-2-5,A2_det_nonlinear_chain,none,2000,900142,,kl_plugin,none,0.0
2-2-5,A2_det_nonlinear_chain,none,2000,900142,,kl_split,none,0.0
2-2-5,A2_det_nonlinear_chain,none,2000,900142,,kl_crossfit,none,0.0
2-2-5,A2_det_nonlinear_chain,none,2000,900142,,cf1_margin,none,0.0
2-2-5,A2_det_nonlinear_chain,none,2000,900142,,slack_plugin,none,0.0
2-2-5,A2_det_nonlinear_chain,none,2000,900142,,gm_battery,none,0.0
2-2-5,A2_det_nonlinear_chain,none,2000,900142,,gtest,none,2772.196709433444
2-2-5,A2_det_nonlinear_chain,none,2000,900143,,kl_plugin,none,0.0
2-2-5,A2_det_nonlinear_chain,none,2000,900143,,kl_split,none,0.0
2-2-5,A2_det_nonlinear_chain,none,2000,900143,,kl_crossfit,none,0.0
2-2-5,A2_det_nonlinear_chain,none,2000,900143,,cf1_margin,none,0.0
2-2-5,A2_det_nonlinear_chain,none,2000,900143,,slack_plugin,none,0.0
2-2-5,A2_det_nonlinear_chain,none,2000,900143,,gm_battery,none,0.0
2-2-5,A2_det_nonlinear_chain,none,2000,900143,,gtest,none,2772.516721807775
2-2-5,A2_det_nonlinear_chain,none,2000,900144,,kl_plugin,none,0.0
2-2-5,A2_det_nonlinear_chain,none,2000,900144,,kl_split,none,0.0
2-2-5,A2_det_nonlinear_chain,none,2000,900144,,kl_crossfit,none,0.0
2-2-5,A2_det_nonlinear_chain,none,2000,900144,,cf1_margin,none,0.0
2-2-5,A2_det_nonlinear_chain,none,2000,900144,,slack_plugin,none,0.0
2-2-5,A2_det_nonlinear_chain,none,2000,900144,,gm_battery,none,0.0
2-2-5,A2_det_nonlinear_chain,none,2000,900144,,gtest,none,2772.4907214394325
2-2-5,A2_det_nonlinear_chain,none,2000,900145,,kl_plugin,none,0.0
2-2-5,A2_det_nonlinear_chain,none,2000,900145,,kl_split,none,0.0
2-2-5,A2_det_nonlinear_chain,none,2000,900145,,kl_crossfit,none,0.0
2-2-5,A2_det_nonlinear_chain,none,2000,900145,,cf1_margin,none,0.0
2-2-5,A2_det_nonlinear_chain,none,2000,900145,,slack_plugin,none,0.0
2-2-5,A2_det_nonlinear_chain,none,2000,900145,,gm_battery,none,0.0
2-2-5,A2_det_nonlinear_chain,none,2000,900145,,gtest,none,2771.8666787931734
2-2-5,A2_det_nonlinear_chain,none,2000,900146,,kl_plugin,none,0.0
2-2-5,A2_det_nonlinear_chain,none,2000,900146,,kl_split,none,0.0
2-2-5,A2_det_nonlinear_chain,none,2000,900146,,kl_crossfit,none,0.0
2-2-5,A2_det_nonlinear_chain,none,2000,900146,,cf1_margin,none,0.0
2-2-5,A2_det_nonlinear_chain,none,2000,900146,,slack_plugin,none,0.0
2-2-5,A2_det_nonlinear_chain,none,2000,900146,,gm_battery,none,0.0
2-2-5,A2_det_nonlinear_chain,none,2000,900146,,gtest,none,2770.5403725712035
2-2-5,A2_det_nonlinear_chain,none,2000,900147,,kl_plugin,none,0.0
2-2-5,A2_det_nonlinear_chain,none,2000,900147,,kl_split,none,0.0
2-2-5,A2_det_nonlinear_chain,none,2000,900147,,kl_crossfit,none,0.0
2-2-5,A2_det_nonlinear_chain,none,2000,900147,,cf1_margin,none,0.0
2-2-5,A2_det_nonlinear_chain,none,2000,900147,,slack_plugin,none,0.0
2-2-5,A2_det_nonlinear_chain,none,2000,900147,,gm_battery,none,0.0
2-2-5,A2_det_nonlinear_chain,none,2000,900147,,gtest,none,2772.3467173592117
2-2-5,A2_det_nonlinear_chain,none,2000,900148,,kl_plugin,none,0.0
2-2-5,A2_det_nonlinear_chain,none,2000,900148,,kl_split,none,0.0
2-2-5,A2_det_nonlinear_chain,none,2000,900148,,kl_crossfit,none,0.0
2-2-5,A2_det_nonlinear_chain,none,2000,900148,,cf1_margin,none,0.0
2-2-5,A2_det_nonlinear_chain,none,2000,900148,,slack_plugin,none,0.0
2-2-5,A2_det_nonlinear_chain,none,2000,900148,,gm_battery,none,0.0
2-2-5,A2_det_nonlinear_chain,none,2000,900148,,gtest,none,2772.556722154447
2-2-5,A2_det_nonlinear_chain,none,2000,900149,,kl_plugin,none,0.0
2-2-5,A2_det_nonlinear_chain,none,2000,900149,,kl_split,none,0.0
2-2-5,A2_det_nonlinear_chain,none,2000,900149,,kl_crossfit,none,0.0
2-2-5,A2_det_nonlinear_chain,none,2000,900149,,cf1_margin,none,0.0
2-2-5,A2_det_nonlinear_chain,none,2000,900149,,slack_plugin,none,0.0
2-2-5,A2_det_nonlinear_chain,none,2000,900149,,gm_battery,none,0.0
2-2-5,A2_det_nonlinear_chain,none,2000,900149,,gtest,none,2772.196709433444
2-2-5,A2_det_nonlinear_chain,none,2000,900150,,kl_plugin,none,0.0
2-2-5,A2_det_nonlinear_chain,none,2000,900150,,kl_split,none,0.0
2-2-5,A2_det_nonlinear_chain,none,2000,900150,,kl_crossfit,none,0.0
2-2-5,A2_det_nonlinear_chain,none,2000,900150,,cf1_margin,none,0.0
2-2-5,A2_det_nonlinear_chain,none,2000,900150,,slack_plugin,none,0.0
2-2-5,A2_det_nonlinear_chain,none,2000,900150,,gm_battery,none,0.0
2-2-5,A2_det_nonlinear_chain,none,2000,900150,,gtest,none,2772.3887189063144
2-2-5,A2_det_nonlinear_chain,none,2000,900151,,kl_plugin,none,0.0
2-2-5,A2_det_nonlinear_chain,none,2000,900151,,kl_split,none,0.0
2-2-5,A2_det_nonlinear_chain,none,2000,900151,,kl_crossfit,none,0.0
2-2-5,A2_det_nonlinear_chain,none,2000,900151,,cf1_margin,none,0.0
2-2-5,A2_det_nonlinear_chain,none,2000,900151,,slack_plugin,none,0.0
2-2-5,A2_det_nonlinear_chain,none,2000,900151,,gm_battery,none,0.0
2-2-5,A2_det_nonlinear_chain,none,2000,900151,,gtest,none,2771.8666787931734
2-2-5,A2_det_nonlinear_chain,none,2000,900152,,kl_plugin,none,0.0
2-2-5,A2_det_nonlinear_chain,none,2000,900152,,kl_split,none,0.0
2-2-5,A2_det_nonlinear_chain,none,2000,900152,,kl_crossfit,none,0.0
2-2-5,A2_det_nonlinear_chain,none,2000,900152,,cf1_margin,none,0.0
2-2-5,A2_det_nonlinear_chain,none,2000,900152,,slack_plugin,none,0.0
2-2-5,A2_det_nonlinear_chain,none,2000,900152,,gm_battery,none,0.0
2-2-5,A2_det_nonlinear_chain,none,2000,900152,,gtest,none,2772.588722239781
2-2-5,A2_det_nonlinear_chain,none,2000,900153,,kl_plugin,none,0.0
2-2-5,A2_det_nonlinear_chain,none,2000,900153,,kl_split,none,0.0
2-2-5,A2_det_nonlinear_chain,none,2000,900153,,kl_crossfit,none,0.0
2-2-5,A2_det_nonlinear_chain,none,2000,900153,,cf1_margin,none,0.0
2-2-5,A2_det_nonlinear_chain,none,2000,900153,,slack_plugin,none,0.0
2-2-5,A2_det_nonlinear_chain,none,2000,900153,,gm_battery,none,0.0
2-2-5,A2_det_nonlinear_chain,none,2000,900153,,gtest,none,2772.076700392211
2-2-5,A2_det_nonlinear_chain,none,2000,900154,,kl_plugin,none,0.0
2-2-5,A2_det_nonlinear_chain,none,2000,900154,,kl_split,none,0.0
2-2-5,A2_det_nonlinear_chain,none,2000,900154,,kl_crossfit,none,0.0
2-2-5,A2_det_nonlinear_chain,none,2000,900154,,cf1_margin,none,0.0
2-2-5,A2_det_nonlinear_chain,none,2000,900154,,slack_plugin,none,0.0
2-2-5,A2_det_nonlinear_chain,none,2000,900154,,gm_battery,none,0.0
2-2-5,A2_det_nonlinear_chain,none,2000,900154,,gtest,none,2770.906486400103
2-2-5,A2_det_nonlinear_chain,none,2000,900155,,kl_plugin,none,0.0
2-2-5,A2_det_nonlinear_chain,none,2000,900155,,kl_split,none,0.0
2-2-5,A2_det_nonlinear_chain,none,2000,900155,,kl_crossfit,none,0.0
2-2-5,A2_det_nonlinear_chain,none,2000,900155,,cf1_margin,none,0.0
2-2-5,A2_det_nonlinear_chain,none,2000,900155,,slack_plugin,none,0.0
2-2-5,A2_det_nonlinear_chain,none,2000,900155,,gm_battery,none,0.0
2-2-5,A2_det_nonlinear_chain,none,2000,900155,,gtest,none,2771.6206441393265
2-2-5,A2_det_nonlinear_chain,none,2000,900156,,kl_plugin,none,0.0
2-2-5,A2_det_nonlinear_chain,none,2000,900156,,kl_split,none,0.0
2-2-5,A2_det_nonlinear_chain,none,2000,900156,,kl_crossfit,none,0.0
2-2-5,A2_det_nonlinear_chain,none,2000,900156,,cf1_margin,none,0.0
2-2-5,A2_det_nonlinear_chain,none,2000,900156,,slack_plugin,none,0.0
2-2-5,A2_det_nonlinear_chain,none,2000,900156,,gm_battery,none,0.0
2-2-5,A2_det_nonlinear_chain,none,2000,900156,,gtest,none,2772.2507127188046
2-2-5,A2_det_nonlinear_chain,none,2000,900157,,kl_plugin,none,0.0
2-2-5,A2_det_nonlinear_chain,none,2000,900157,,kl_split,none,0.0
2-2-5,A2_det_nonlinear_chain,none,2000,900157,,kl_crossfit,none,0.0
2-2-5,A2_det_nonlinear_chain,none,2000,900157,,cf1_margin,none,0.0
2-2-5,A2_det_nonlinear_chain,none,2000,900157,,slack_plugin,none,0.0
2-2-5,A2_det_nonlinear_chain,none,2000,900157,,gm_battery,none,0.0
2-2-5,A2_det_nonlinear_chain,none,2000,900157,,gtest,none,2772.300715327383
2-2-5,A2_det_nonlinear_chain,none,2000,900158,,kl_plugin,none,0.0
2-2-5,A2_det_nonlinear_chain,none,2000,900158,,kl_split,none,0.0
2-2-5,A2_det_nonlinear_chain,none,2000,900158,,kl_crossfit,none,0.0
2-2-5,A2_det_nonlinear_chain,none,2000,900158,,cf1_margin,none,0.0
2-2-5,A2_det_nonlinear_chain,none,2000,900158,,slack_plugin,none,0.0
2-2-5,A2_det_nonlinear_chain,none,2000,900158,,gm_battery,none,0.0
2-2-5,A2_det_nonlinear_chain,none,2000,900158,,gtest,none,2771.0205172901688
2-2-5,A2_det_nonlinear_chain,none,2000,900159,,kl_plugin,none,0.0
2-2-5,A2_det_nonlinear_chain,none,2000,900159,,kl_split,none,0.0
2-2-5,A2_det_nonlinear_chain,none,2000,900159,,kl_crossfit,none,0.0
2-2-5,A2_det_nonlinear_chain,none,2000,900159,,cf1_margin,none,0.0
2-2-5,A2_det_nonlinear_chain,none,2000,900159,,slack_plugin,none,0.0
2-2-5,A2_det_nonlinear_chain,none,2000,900159,,gm_battery,none,0.0
2-2-5,A2_det_nonlinear_chain,none,2000,900159,,gtest,none,2771.4366116222927
2-2-5,A2_det_nonlinear_chain,none,2000,900160,,kl_plugin,none,0.0
2-2-5,A2_det_nonlinear_chain,none,2000,900160,,kl_split,none,0.0
2-2-5,A2_det_nonlinear_chain,none,2000,900160,,kl_crossfit,none,0.0
2-2-5,A2_det_nonlinear_chain,none,2000,900160,,cf1_margin,none,0.0
2-2-5,A2_det_nonlinear_chain,none,2000,900160,,slack_plugin,none,0.0
2-2-5,A2_det_nonlinear_chain,none,2000,900160,,gm_battery,none,0.0
2-2-5,A2_det_nonlinear_chain,none,2000,900160,,gtest,none,2771.6206441393265
2-2-5,A2_det_nonlinear_chain,none,2000,900161,,kl_plugin,none,0.0
2-2-5,A2_det_nonlinear_chain,none,2000,900161,,kl_split,none,0.0
2-2-5,A2_det_nonlinear_chain,none,2000,900161,,kl_crossfit,none,0.0
2-2-5,A2_det_nonlinear_chain,none,2000,900161,,cf1_margin,none,0.0
2-2-5,A2_det_nonlinear_chain,none,2000,900161,,slack_plugin,none,0.0
2-2-5,A2_det_nonlinear_chain,none,2000,900161,,gm_battery,none,0.0
2-2-5,A2_det_nonlinear_chain,none,2000,900161,,gtest,none,2770.1382217861847
2-2-5,A2_det_nonlinear_chain,none,2000,900162,,kl_plugin,none,0.0
2-2-5,A2_det_nonlinear_chain,none,2000,900162,,kl_split,none,0.0
2-2-5,A2_det_nonlinear_chain,none,2000,900162,,kl_crossfit,none,0.0
2-2-5,A2_det_nonlinear_chain,none,2000,900162,,cf1_margin,none,0.0
2-2-5,A2_det_nonlinear_chain,none,2000,900162,,slack_plugin,none,0.0
2-2-5,A2_det_nonlinear_chain,none,2000,900162,,gm_battery,none,0.0
2-2-5,A2_det_nonlinear_chain,none,2000,900162,,gtest,none,2772.300715327383
2-2-5,A2_det_nonlinear_chain,none,2000,900163,,kl_plugin,none,0.0
2-2-5,A2_det_nonlinear_chain,none,2000,900163,,kl_split,none,0.0
2-2-5,A2_det_nonlinear_chain,none,2000,900163,,kl_crossfit,none,0.0
2-2-5,A2_det_nonlinear_chain,none,2000,900163,,cf1_margin,none,0.0
2-2-5,A2_det_nonlinear_chain,none,2000,900163,,slack_plugin,none,0.0
2-2-5,A2_det_nonlinear_chain,none,2000,900163,,gm_battery,none,0.0
2-2-5,A2_det_nonlinear_chain,none,2000,900163,,gtest,none,2770.788452142534
2-2-5,A2_det_nonlinear_chain,none,2000,900164,,kl_plugin,none,0.0
2-2-5,A2_det_nonlinear_chain,none,2000,900164,,kl_split,none,0.0
2-2-5,A2_det_nonlinear_chain,none,2000,900164,,kl_crossfit,none,0.0
2-2-5,A2_det_nonlinear_chain,none,2000,900164,,cf1_margin,none,0.0
2-2-5,A2_det_nonlinear_chain,none,2000,900164,,slack_plugin,none,0.0
2-2-5,A2_det_nonlinear_chain,none,2000,900164,,gm_battery,none,0.0
2-2-5,A2_det_nonlinear_chain,none,2000,900164,,gtest,none,2772.300715327383
2-2-5,A2_det_nonlinear_chain,none,2000,900165,,kl_plugin,none,0.0
2-2-5,A2_det_nonlinear_chain,none,2000,900165,,kl_split,none,0.0
2-2-5,A2_det_nonlinear_chain,none,2000,900165,,kl_crossfit,none,0.0
2-2-5,A2_det_nonlinear_chain,none,2000,900165,,cf1_margin,none,0.0
2-2-5,A2_det_nonlinear_chain,none,2000,900165,,slack_plugin,none,0.0
2-2-5,A2_det_nonlinear_chain,none,2000,900165,,gm_battery,none,0.0
2-2-5,A2_det_nonlinear_chain,none,2000,900165,,gtest,none,2770.2762765883463
2-2-5,A2_det_nonlinear_chain,none,2000,900166,,kl_plugin,none,0.0
2-2-5,A2_det_nonlinear_chain,none,2000,900166,,kl_split,none,0.0
2-2-5,A2_det_nonlinear_chain,none,2000,900166,,kl_crossfit,none,0.0
2-2-5,A2_det_nonlinear_chain,none,2000,900166,,cf1_margin,none,0.0
2-2-5,A2_det_nonlinear_chain,none,2000,900166,,slack_plugin,none,0.0
2-2-5,A2_det_nonlinear_chain,none,2000,900166,,gm_battery,none,0.0
2-2-5,A2_det_nonlinear_chain,none,2000,900166,,gtest,none,2772.076700392211
2-2-5,A2_det_nonlinear_chain,none,2000,900167,,kl_plugin,none,0.0
2-2-5,A2_det_nonlinear_chain,none,2000,900167,,kl_split,none,0.0
2-2-5,A2_det_nonlinear_chain,none,2000,900167,,kl_crossfit,none,0.0
2-2-5,A2_det_nonlinear_chain,none,2000,900167,,cf1_margin,none,0.0
2-2-5,A2_det_nonlinear_chain,none,2000,900167,,slack_plugin,none,0.0
2-2-5,A2_det_nonlinear_chain,none,2000,900167,,gm_battery,none,0.0
2-2-5,A2_det_nonlinear_chain,none,2000,900167,,gtest,none,2770.2762765883463
2-2-5,A2_det_nonlinear_chain,none,2000,900168,,kl_plugin,none,0.0
2-2-5,A2_det_nonlinear_chain,none,2000,900168,,kl_split,none,0.0
2-2-5,A2_det_nonlinear_chain,none,2000,900168,,kl_crossfit,none,0.0
2-2-5,A2_det_nonlinear_chain,none,2000,900168,,cf1_margin,none,0.0
2-2-5,A2_det_nonlinear_chain,none,2000,900168,,slack_plugin,none,0.0
2-2-5,A2_det_nonlinear_chain,none,2000,900168,,gm_battery,none,0.0
2-2-5,A2_det_nonlinear_chain,none,2000,900168,,gtest,none,2772.3467173592117
2-2-5,A2_det_nonlinear_chain,none,2000,900169,,kl_plugin,none,0.0
2-2-5,A2_det_nonlinear_chain,none,2000,900169,,kl_split,none,0.0
2-2-5,A2_det_nonlinear_chain,none,2000,900169,,kl_crossfit,none,0.0
2-2-5,A2_det_nonlinear_chain,none,2000,900169,,cf1_margin,none,0.0
2-2-5,A2_det_nonlinear_chain,none,2000,900169,,slack_plugin,none,0.0
2-2-5,A2_det_nonlinear_chain,none,2000,900169,,gm_battery,none,0.0
2-2-5,A2_det_nonlinear_chain,none,2000,900169,,gtest,none,2772.516721807775
2-2-5,A2_det_nonlinear_chain,none,2000,900170,,kl_plugin,none,0.0
2-2-5,A2_det_nonlinear_chain,none,2000,900170,,kl_split,none,0.0
2-2-5,A2_det_nonlinear_chain,none,2000,900170,,kl_crossfit,none,0.0
2-2-5,A2_det_nonlinear_chain,none,2000,900170,,cf1_margin,none,0.0
2-2-5,A2_det_nonlinear_chain,none,2000,900170,,slack_plugin,none,0.0
2-2-5,A2_det_nonlinear_chain,none,2000,900170,,gm_battery,none,0.0
2-2-5,A2_det_nonlinear_chain,none,2000,900170,,gtest,none,2771.7886688979124
2-2-5,A2_det_nonlinear_chain,none,2000,900171,,kl_plugin,none,0.0
2-2-5,A2_det_nonlinear_chain,none,2000,900171,,kl_split,none,0.0
2-2-5,A2_det_nonlinear_chain,none,2000,900171,,kl_crossfit,none,0.0
2-2-5,A2_det_nonlinear_chain,none,2000,900171,,cf1_margin,none,0.0
2-2-5,A2_det_nonlinear_chain,none,2000,900171,,slack_plugin,none,0.0
2-2-5,A2_det_nonlinear_chain,none,2000,900171,,gm_battery,none,0.0
2-2-5,A2_det_nonlinear_chain,none,2000,900171,,gtest,none,2771.7886688979124
2-2-5,A2_det_nonlinear_chain,none,2000,900172,,kl_plugin,none,0.0
2-2-5,A2_det_nonlinear_chain,none,2000,900172,,kl_split,none,0.0
2-2-5,A2_det_nonlinear_chain,none,2000,900172,,kl_crossfit,none,0.0
2-2-5,A2_det_nonlinear_chain,none,2000,900172,,cf1_margin,none,0.0
2-2-5,A2_det_nonlinear_chain,none,2000,900172,,slack_plugin,none,0.0
2-2-5,A2_det_nonlinear_chain,none,2000,900172,,gm_battery,none,0.0
2-2-5,A2_det_nonlinear_chain,none,2000,900172,,gtest,none,2772.538722031446
2-2-5,A2_det_nonlinear_chain,none,2000,900173,,kl_plugin,none,0.0
2-2-5,A2_det_nonlinear_chain,none,2000,900173,,kl_split,none,0.0
2-2-5,A2_det_nonlinear_chain,none,2000,900173,,kl_crossfit,none,0.0
2-2-5,A2_det_nonlinear_chain,none,2000,900173,,cf1_margin,none,0.0
2-2-5,A2_det_nonlinear_chain,none,2000,900173,,slack_plugin,none,0.0
2-2-5,A2_det_nonlinear_chain,none,2000,900173,,gm_battery,none,0.0
2-2-5,A2_det_nonlinear_chain,none,2000,900173,,gtest,none,2771.0205172901688
2-2-5,A2_det_nonlinear_chain,none,2000,900174,,kl_plugin,none,0.0
2-2-5,A2_det_nonlinear_chain,none,2000,900174,,kl_split,none,0.0
2-2-5,A2_det_nonlinear_chain,none,2000,900174,,kl_crossfit,none,0.0
2-2-5,A2_det_nonlinear_chain,none,2000,900174,,cf1_margin,none,0.0
2-2-5,A2_det_nonlinear_chain,none,2000,900174,,slack_plugin,none,0.0
2-2-5,A2_det_nonlinear_chain,none,2000,900174,,gm_battery,none,0.0
2-2-5,A2_det_nonlinear_chain,none,2000,900174,,gtest,none,2770.906486400103
2-2-5,A2_det_nonlinear_chain,none,2000,900175,,kl_plugin,none,0.0
2-2-5,A2_det_nonlinear_chain,none,2000,900175,,kl_split,none,0.0
2-2-5,A2_det_nonlinear_chain,none,2000,900175,,kl_crossfit,none,0.0
2-2-5,A2_det_nonlinear_chain,none,2000,900175,,cf1_margin,none,0.0
2-2-5,A2_det_nonlinear_chain,none,2000,900175,,slack_plugin,none,0.0
2-2-5,A2_det_nonlinear_chain,none,2000,900175,,gm_battery,none,0.0
2-2-5,A2_det_nonlinear_chain,none,2000,900175,,gtest,none,2766.5356683347036
2-2-5,A2_det_nonlinear_chain,none,2000,900176,,kl_plugin,none,0.0
2-2-5,A2_det_nonlinear_chain,none,2000,900176,,kl_split,none,0.0
2-2-5,A2_det_nonlinear_chain,none,2000,900176,,kl_crossfit,none,0.0
2-2-5,A2_det_nonlinear_chain,none,2000,900176,,cf1_margin,none,0.0
2-2-5,A2_det_nonlinear_chain,none,2000,900176,,slack_plugin,none,0.0
2-2-5,A2_det_nonlinear_chain,none,2000,900176,,gm_battery,none,0.0
2-2-5,A2_det_nonlinear_chain,none,2000,900176,,gtest,none,2772.2507127188046
2-2-5,A2_det_nonlinear_chain,none,2000,900177,,kl_plugin,none,0.0
2-2-5,A2_det_nonlinear_chain,none,2000,900177,,kl_split,none,0.0
2-2-5,A2_det_nonlinear_chain,none,2000,900177,,kl_crossfit,none,0.0
2-2-5,A2_det_nonlinear_chain,none,2000,900177,,cf1_margin,none,0.0
2-2-5,A2_det_nonlinear_chain,none,2000,900177,,slack_plugin,none,0.0
2-2-5,A2_det_nonlinear_chain,none,2000,900177,,gm_battery,none,0.0
2-2-5,A2_det_nonlinear_chain,none,2000,900177,,gtest,none,2770.906486400103
2-2-5,A2_det_nonlinear_chain,none,2000,900178,,kl_plugin,none,0.0
2-2-5,A2_det_nonlinear_chain,none,2000,900178,,kl_split,none,0.0
2-2-5,A2_det_nonlinear_chain,none,2000,900178,,kl_crossfit,none,0.0
2-2-5,A2_det_nonlinear_chain,none,2000,900178,,cf1_margin,none,0.0
2-2-5,A2_det_nonlinear_chain,none,2000,900178,,slack_plugin,none,0.0
2-2-5,A2_det_nonlinear_chain,none,2000,900178,,gm_battery,none,0.0
2-2-5,A2_det_nonlinear_chain,none,2000,900178,,gtest,none,2772.4267200527106
2-2-5,A2_det_nonlinear_chain,none,2000,900179,,kl_plugin,none,0.0
2-2-5,A2_det_nonlinear_chain,none,2000,900179,,kl_split,none,0.0
2-2-5,A2_det_nonlinear_chain,none,2000,900179,,kl_crossfit,none,0.0
2-2-5,A2_det_nonlinear_chain,none,2000,900179,,cf1_margin,none,0.0
2-2-5,A2_det_nonlinear_chain,none,2000,900179,,slack_plugin,none,0.0
2-2-5,A2_det_nonlinear_chain,none,2000,900179,,gm_battery,none,0.0
2-2-5,A2_det_nonlinear_chain,none,2000,900179,,gtest,none,2772.3887189063144
2-2-5,A2_det_nonlinear_chain,none,2000,900180,,kl_plugin,none,0.0
2-2-5,A2_det_nonlinear_chain,none,2000,900180,,kl_split,none,0.0
2-2-5,A2_det_nonlinear_chain,none,2000,900180,,kl_crossfit,none,0.0
2-2-5,A2_det_nonlinear_chain,none,2000,900180,,cf1_margin,none,0.0
2-2-5,A2_det_nonlinear_chain,none,2000,900180,,slack_plugin,none,0.0
2-2-5,A2_det_nonlinear_chain,none,2000,900180,,gm_battery,none,0.0
2-2-5,A2_det_nonlinear_chain,none,2000,900180,,gtest,none,2772.076700392211
2-2-5,A2_det_nonlinear_chain,none,2000,900181,,kl_plugin,none,0.0
2-2-5,A2_det_nonlinear_chain,none,2000,900181,,kl_split,none,0.0
2-2-5,A2_det_nonlinear_chain,none,2000,900181,,kl_crossfit,none,0.0
2-2-5,A2_det_nonlinear_chain,none,2000,900181,,cf1_margin,none,0.0
2-2-5,A2_det_nonlinear_chain,none,2000,900181,,slack_plugin,none,0.0
2-2-5,A2_det_nonlinear_chain,none,2000,900181,,gm_battery,none,0.0
2-2-5,A2_det_nonlinear_chain,none,2000,900181,,gtest,none,2772.2507127188046
2-2-5,A2_det_nonlinear_chain,none,2000,900182,,kl_plugin,none,0.0
2-2-5,A2_det_nonlinear_chain,none,2000,900182,,kl_split,none,0.0
2-2-5,A2_det_nonlinear_chain,none,2000,900182,,kl_crossfit,none,0.0
2-2-5,A2_det_nonlinear_chain,none,2000,900182,,cf1_margin,none,0.0
2-2-5,A2_det_nonlinear_chain,none,2000,900182,,slack_plugin,none,0.0
2-2-5,A2_det_nonlinear_chain,none,2000,900182,,gm_battery,none,0.0
2-2-5,A2_det_nonlinear_chain,none,2000,900182,,gtest,none,2770.1382217861847
2-2-5,A2_det_nonlinear_chain,none,2000,900183,,kl_plugin,none,0.0
2-2-5,A2_det_nonlinear_chain,none,2000,900183,,kl_split,none,0.0
2-2-5,A2_det_nonlinear_chain,none,2000,900183,,kl_crossfit,none,0.0
2-2-5,A2_det_nonlinear_chain,none,2000,900183,,cf1_margin,none,0.0
2-2-5,A2_det_nonlinear_chain,none,2000,900183,,slack_plugin,none,0.0
2-2-5,A2_det_nonlinear_chain,none,2000,900183,,gm_battery,none,0.0
2-2-5,A2_det_nonlinear_chain,none,2000,900183,,gtest,none,2765.384396006957
2-2-5,A2_det_nonlinear_chain,none,2000,900184,,kl_plugin,none,0.0
2-2-5,A2_det_nonlinear_chain,none,2000,900184,,kl_split,none,0.0
2-2-5,A2_det_nonlinear_chain,none,2000,900184,,kl_crossfit,none,0.0
2-2-5,A2_det_nonlinear_chain,none,2000,900184,,cf1_margin,none,0.0
2-2-5,A2_det_nonlinear_chain,none,2000,900184,,slack_plugin,none,0.0
2-2-5,A2_det_nonlinear_chain,none,2000,900184,,gm_battery,none,0.0
2-2-5,A2_det_nonlinear_chain,none,2000,900184,,gtest,none,2772.3887189063144
2-2-5,A2_det_nonlinear_chain,none,2000,900185,,kl_plugin,none,0.0
2-2-5,A2_det_nonlinear_chain,none,2000,900185,,kl_split,none,0.0
2-2-5,A2_det_nonlinear_chain,none,2000,900185,,kl_crossfit,none,0.0
2-2-5,A2_det_nonlinear_chain,none,2000,900185,,cf1_margin,none,0.0
2-2-5,A2_det_nonlinear_chain,none,2000,900185,,slack_plugin,none,0.0
2-2-5,A2_det_nonlinear_chain,none,2000,900185,,gm_battery,none,0.0
2-2-5,A2_det_nonlinear_chain,none,2000,900185,,gtest,none,2771.4366116222927
2-2-5,A2_det_nonlinear_chain,none,2000,900186,,kl_plugin,none,0.0
2-2-5,A2_det_nonlinear_chain,none,2000,900186,,kl_split,none,0.0
2-2-5,A2_det_nonlinear_chain,none,2000,900186,,kl_crossfit,none,0.0
2-2-5,A2_det_nonlinear_chain,none,2000,900186,,cf1_margin,none,0.0
2-2-5,A2_det_nonlinear_chain,none,2000,900186,,slack_plugin,none,0.0
2-2-5,A2_det_nonlinear_chain,none,2000,900186,,gm_battery,none,0.0
2-2-5,A2_det_nonlinear_chain,none,2000,900186,,gtest,none,2765.6226774848656
2-2-5,A2_det_nonlinear_chain,none,2000,900187,,kl_plugin,none,0.0
2-2-5,A2_det_nonlinear_chain,none,2000,900187,,kl_split,none,0.0
2-2-5,A2_det_nonlinear_chain,none,2000,900187,,kl_crossfit,none,0.0
2-2-5,A2_det_nonlinear_chain,none,2000,900187,,cf1_margin,none,0.0
2-2-5,A2_det_nonlinear_chain,none,2000,900187,,slack_plugin,none,0.0
2-2-5,A2_det_nonlinear_chain,none,2000,900187,,gm_battery,none,0.0
2-2-5,A2_det_nonlinear_chain,none,2000,900187,,gtest,none,2772.460720874413
2-2-5,A2_det_nonlinear_chain,none,2000,900188,,kl_plugin,none,0.0
2-2-5,A2_det_nonlinear_chain,none,2000,900188,,kl_split,none,0.0
2-2-5,A2_det_nonlinear_chain,none,2000,900188,,kl_crossfit,none,0.0
2-2-5,A2_det_nonlinear_chain,none,2000,900188,,cf1_margin,none,0.0
2-2-5,A2_det_nonlinear_chain,none,2000,900188,,slack_plugin,none,0.0
2-2-5,A2_det_nonlinear_chain,none,2000,900188,,gm_battery,none,0.0
2-2-5,A2_det_nonlinear_chain,none,2000,900188,,gtest,none,2772.076700392211
2-2-5,A2_det_nonlinear_chain,none,2000,900189,,kl_plugin,none,0.0
2-2-5,A2_det_nonlinear_chain,none,2000,900189,,kl_split,none,0.0
2-2-5,A2_det_nonlinear_chain,none,2000,900189,,kl_crossfit,none,0.0
2-2-5,A2_det_nonlinear_chain,none,2000,900189,,cf1_margin,none,0.0
2-2-5,A2_det_nonlinear_chain,none,2000,900189,,slack_plugin,none,0.0
2-2-5,A2_det_nonlinear_chain,none,2000,900189,,gm_battery,none,0.0
2-2-5,A2_det_nonlinear_chain,none,2000,900189,,gtest,none,2772.588722239781
2-2-5,A2_det_nonlinear_chain,none,2000,900190,,kl_plugin,none,0.0
2-2-5,A2_det_nonlinear_chain,none,2000,900190,,kl_split,none,0.0
2-2-5,A2_det_nonlinear_chain,none,2000,900190,,kl_crossfit,none,0.0
2-2-5,A2_det_nonlinear_chain,none,2000,900190,,cf1_margin,none,0.0
2-2-5,A2_det_nonlinear_chain,none,2000,900190,,slack_plugin,none,0.0
2-2-5,A2_det_nonlinear_chain,none,2000,900190,,gm_battery,none,0.0
2-2-5,A2_det_nonlinear_chain,none,2000,900190,,gtest,none,2772.570722212781
2-2-5,A2_det_nonlinear_chain,none,2000,900191,,kl_plugin,none,0.0
2-2-5,A2_det_nonlinear_chain,none,2000,900191,,kl_split,none,0.0
2-2-5,A2_det_nonlinear_chain,none,2000,900191,,kl_crossfit,none,0.0
2-2-5,A2_det_nonlinear_chain,none,2000,900191,,cf1_margin,none,0.0
2-2-5,A2_det_nonlinear_chain,none,2000,900191,,slack_plugin,none,0.0
2-2-5,A2_det_nonlinear_chain,none,2000,900191,,gm_battery,none,0.0
2-2-5,A2_det_nonlinear_chain,none,2000,900191,,gtest,none,2772.010694396229
2-2-5,A2_det_nonlinear_chain,none,2000,900192,,kl_plugin,none,0.0
2-2-5,A2_det_nonlinear_chain,none,2000,900192,,kl_split,none,0.0
2-2-5,A2_det_nonlinear_chain,none,2000,900192,,kl_crossfit,none,0.0
2-2-5,A2_det_nonlinear_chain,none,2000,900192,,cf1_margin,none,0.0
2-2-5,A2_det_nonlinear_chain,none,2000,900192,,slack_plugin,none,0.0
2-2-5,A2_det_nonlinear_chain,none,2000,900192,,gm_battery,none,0.0
2-2-5,A2_det_nonlinear_chain,none,2000,900192,,gtest,none,2771.338591998885
2-2-5,A2_det_nonlinear_chain,none,2000,900193,,kl_plugin,none,0.0
2-2-5,A2_det_nonlinear_chain,none,2000,900193,,kl_split,none,0.0
2-2-5,A2_det_nonlinear_chain,none,2000,900193,,kl_crossfit,none,0.0
2-2-5,A2_det_nonlinear_chain,none,2000,900193,,cf1_margin,none,0.0
2-2-5,A2_det_nonlinear_chain,none,2000,900193,,slack_plugin,none,0.0
2-2-5,A2_det_nonlinear_chain,none,2000,900193,,gm_battery,none,0.0
2-2-5,A2_det_nonlinear_chain,none,2000,900193,,gtest,none,2766.968089119745
2-2-5,A2_det_nonlinear_chain,none,2000,900194,,kl_plugin,none,0.0
2-2-5,A2_det_nonlinear_chain,none,2000,900194,,kl_split,none,0.0
2-2-5,A2_det_nonlinear_chain,none,2000,900194,,kl_crossfit,none,0.0
2-2-5,A2_det_nonlinear_chain,none,2000,900194,,cf1_margin,none,0.0
2-2-5,A2_det_nonlinear_chain,none,2000,900194,,slack_plugin,none,0.0
2-2-5,A2_det_nonlinear_chain,none,2000,900194,,gm_battery,none,0.0
2-2-5,A2_det_nonlinear_chain,none,2000,900194,,gtest,none,2772.556722154447
2-2-5,A2_det_nonlinear_chain,none,2000,900195,,kl_plugin,none,0.0
2-2-5,A2_det_nonlinear_chain,none,2000,900195,,kl_split,none,0.0
2-2-5,A2_det_nonlinear_chain,none,2000,900195,,kl_crossfit,none,0.0
2-2-5,A2_det_nonlinear_chain,none,2000,900195,,cf1_margin,none,0.0
2-2-5,A2_det_nonlinear_chain,none,2000,900195,,slack_plugin,none,0.0
2-2-5,A2_det_nonlinear_chain,none,2000,900195,,gm_battery,none,0.0
2-2-5,A2_det_nonlinear_chain,none,2000,900195,,gtest,none,2772.586722239448
2-2-5,A2_det_nonlinear_chain,none,2000,900196,,kl_plugin,none,0.0
2-2-5,A2_det_nonlinear_chain,none,2000,900196,,kl_split,none,0.0
2-2-5,A2_det_nonlinear_chain,none,2000,900196,,kl_crossfit,none,0.0
2-2-5,A2_det_nonlinear_chain,none,2000,900196,,cf1_margin,none,0.0
2-2-5,A2_det_nonlinear_chain,none,2000,900196,,slack_plugin,none,0.0
2-2-5,A2_det_nonlinear_chain,none,2000,900196,,gm_battery,none,0.0
2-2-5,A2_det_nonlinear_chain,none,2000,900196,,gtest,none,2772.3887189063144
2-2-5,A2_det_nonlinear_chain,none,2000,900197,,kl_plugin,none,0.0
2-2-5,A2_det_nonlinear_chain,none,2000,900197,,kl_split,none,0.0
2-2-5,A2_det_nonlinear_chain,none,2000,900197,,kl_crossfit,none,0.0
2-2-5,A2_det_nonlinear_chain,none,2000,900197,,cf1_margin,none,0.0
2-2-5,A2_det_nonlinear_chain,none,2000,900197,,slack_plugin,none,0.0
2-2-5,A2_det_nonlinear_chain,none,2000,900197,,gm_battery,none,0.0
2-2-5,A2_det_nonlinear_chain,none,2000,900197,,gtest,none,2771.0205172901688
2-2-5,A2_det_nonlinear_chain,none,2000,900198,,kl_plugin,none,0.0
2-2-5,A2_det_nonlinear_chain,none,2000,900198,,kl_split,none,0.0
2-2-5,A2_det_nonlinear_chain,none,2000,900198,,kl_crossfit,none,0.0
2-2-5,A2_det_nonlinear_chain,none,2000,900198,,cf1_margin,none,0.0
2-2-5,A2_det_nonlinear_chain,none,2000,900198,,slack_plugin,none,0.0
2-2-5,A2_det_nonlinear_chain,none,2000,900198,,gm_battery,none,0.0
2-2-5,A2_det_nonlinear_chain,none,2000,900198,,gtest,none,2772.586722239448
2-2-5,A2_det_nonlinear_chain,none,2000,900199,,kl_plugin,none,0.0
2-2-5,A2_det_nonlinear_chain,none,2000,900199,,kl_split,none,0.0
2-2-5,A2_det_nonlinear_chain,none,2000,900199,,kl_crossfit,none,0.0
2-2-5,A2_det_nonlinear_chain,none,2000,900199,,cf1_margin,none,0.0
2-2-5,A2_det_nonlinear_chain,none,2000,900199,,slack_plugin,none,0.0
2-2-5,A2_det_nonlinear_chain,none,2000,900199,,gm_battery,none,0.0
2-2-5,A2_det_nonlinear_chain,none,2000,900199,,gtest,none,2771.7886688979124
