kind,noise,n,d,method,trim,n_datasets,size_05,mean_cv05
null_gauss,gauss,500,2,hsic,0.0,100,0.0,0.004106151050360715
null_gauss,gauss,500,2,k1,0.0,100,0.0,0.011523469083739381
null_gauss,gauss,500,2,k1,0.01,100,0.0,0.011208979604185763
null_gauss,gauss,500,2,k1,0.05,100,0.0,0.011924496040313544
null_gauss,gauss,500,2,k2,0.0,100,0.01,0.31173378682862923
null_gauss,gauss,500,2,k2,0.01,100,0.02,0.26018896588862434
null_gauss,gauss,500,2,k2,0.05,100,0.02,0.22715099207366804
null_gauss,gauss,500,3,hsic,0.0,100,0.0,0.004106151050360715
null_gauss,gauss,500,3,k1,0.0,100,0.0,0.011523469083739381
null_gauss,gauss,500,3,k1,0.01,100,0.0,0.011208979604185763
null_gauss,gauss,500,3,k1,0.05,100,0.0,0.011924496040313544
null_gauss,gauss,500,3,k2,0.0,100,0.01,0.31173378682862923
null_gauss,gauss,500,3,k2,0.01,100,0.02,0.26018896588862434
null_gauss,gauss,500,3,k2,0.05,100,0.02,0.22715099207366804
null_gauss,gauss,500,5,hsic,0.0,100,0.0,0.004106151050360715
null_gauss,gauss,500,5,k1,0.0,100,0.0,0.011523469083739381
null_gauss,gauss,500,5,k1,0.01,100,0.0,0.011208979604185763
null_gauss,gauss,500,5,k1,0.05,100,0.0,0.011924496040313544
null_gauss,gauss,500,5,k2,0.0,100,0.01,0.31173378682862923
null_gauss,gauss,500,5,k2,0.01,100,0.02,0.26018896588862434
null_gauss,gauss,500,5,k2,0.05,100,0.02,0.22715099207366804
null_gauss,gauss,2000,2,hsic,0.0,100,0.0,0.0032071703686896587
null_gauss,gauss,2000,2,k1,0.0,100,0.0,0.00790349214604884
null_gauss,gauss,2000,2,k1,0.01,100,0.0,0.007882359866452627
null_gauss,gauss,2000,2,k1,0.05,100,0.0,0.008068096823330248
null_gauss,gauss,2000,2,k2,0.0,100,0.01,0.2459306180067021
null_gauss,gauss,2000,2,k2,0.01,100,0.02,0.19953147603318144
null_gauss,gauss,2000,2,k2,0.05,100,0.02,0.1724483958844954
null_gauss,gauss,2000,3,hsic,0.0,100,0.0,0.0032071703686896587
null_gauss,gauss,2000,3,k1,0.0,100,0.0,0.00790349214604884
null_gauss,gauss,2000,3,k1,0.01,100,0.0,0.007882359866452627
null_gauss,gauss,2000,3,k1,0.05,100,0.0,0.008068096823330248
null_gauss,gauss,2000,3,k2,0.0,100,0.01,0.2459306180067021
null_gauss,gauss,2000,3,k2,0.01,100,0.02,0.19953147603318144
null_gauss,gauss,2000,3,k2,0.05,100,0.02,0.1724483958844954
null_gauss,gauss,2000,5,hsic,0.0,100,0.0,0.0032071703686896587
null_gauss,gauss,2000,5,k1,0.0,100,0.0,0.00790349214604884
null_gauss,gauss,2000,5,k1,0.01,100,0.0,0.007882359866452627
null_gauss,gauss,2000,5,k1,0.05,100,0.0,0.008068096823330248
null_gauss,gauss,2000,5,k2,0.0,100,0.01,0.2459306180067021
null_gauss,gauss,2000,5,k2,0.01,100,0.02,0.19953147603318144
null_gauss,gauss,2000,5,k2,0.05,100,0.02,0.1724483958844954
null_gauss,gauss,8000,2,hsic,0.0,100,0.0,0.0032268928262463494
null_gauss,gauss,8000,2,k1,0.0,100,0.04,0.04532464506956526
null_gauss,gauss,8000,2,k1,0.01,100,0.03,0.04371526995798107
null_gauss,gauss,8000,2,k1,0.05,100,0.04,0.04014830098481759
null_gauss,gauss,8000,2,k2,0.0,100,0.01,0.17596485101485057
null_gauss,gauss,8000,2,k2,0.01,100,0.0,0.1404512400517879
null_gauss,gauss,8000,2,k2,0.05,100,0.01,0.12333226675658335
null_gauss,gauss,8000,3,hsic,0.0,100,0.0,0.0032268928262463494
null_gauss,gauss,8000,3,k1,0.0,100,0.04,0.04532464506956526
null_gauss,gauss,8000,3,k1,0.01,100,0.03,0.04371526995798107
null_gauss,gauss,8000,3,k1,0.05,100,0.04,0.04014830098481759
null_gauss,gauss,8000,3,k2,0.0,100,0.01,0.17596485101485057
null_gauss,gauss,8000,3,k2,0.01,100,0.0,0.1404512400517879
null_gauss,gauss,8000,3,k2,0.05,100,0.01,0.12333226675658335
null_gauss,gauss,8000,5,hsic,0.0,100,0.0,0.0032268928262463494
null_gauss,gauss,8000,5,k1,0.0,100,0.04,0.04532464506956526
null_gauss,gauss,8000,5,k1,0.01,100,0.03,0.04371526995798107
null_gauss,gauss,8000,5,k1,0.05,100,0.04,0.04014830098481759
null_gauss,gauss,8000,5,k2,0.0,100,0.01,0.17596485101485057
null_gauss,gauss,8000,5,k2,0.01,100,0.0,0.1404512400517879
null_gauss,gauss,8000,5,k2,0.05,100,0.01,0.12333226675658335
null_gauss,lognorm,500,2,hsic,0.0,100,0.0,0.011675047112420366
null_gauss,lognorm,500,2,k1,0.05,100,0.06,0.014121911247155955
null_gauss,lognorm,500,2,k2,0.05,100,0.01,0.579763562052714
null_gauss,lognorm,500,3,hsic,0.0,100,0.0,0.011675047112420366
null_gauss,lognorm,500,3,k1,0.05,100,0.06,0.014121911247155955
null_gauss,lognorm,500,3,k2,0.05,100,0.01,0.579763562052714
null_gauss,lognorm,500,5,hsic,0.0,100,0.0,0.011675047112420366
null_gauss,lognorm,500,5,k1,0.05,100,0.06,0.014121911247155955
null_gauss,lognorm,500,5,k2,0.05,100,0.01,0.579763562052714
null_gauss,lognorm,2000,2,hsic,0.0,100,0.0,0.009765129962567504
null_gauss,lognorm,2000,2,k1,0.05,100,0.06,0.01339907327285957
null_gauss,lognorm,2000,2,k2,0.05,100,0.02,0.5095534199049933
null_gauss,lognorm,2000,3,hsic,0.0,100,0.0,0.009765129962567504
null_gauss,lognorm,2000,3,k1,0.05,100,0.06,0.01339907327285957
null_gauss,lognorm,2000,3,k2,0.05,100,0.02,0.5095534199049933
null_gauss,lognorm,2000,5,hsic,0.0,100,0.0,0.009765129962567504
null_gauss,lognorm,2000,5,k1,0.05,100,0.06,0.01339907327285957
null_gauss,lognorm,2000,5,k2,0.05,100,0.02,0.5095534199049933
null_gauss,lognorm,8000,2,hsic,0.0,100,0.0,0.00992537703280983
null_gauss,lognorm,8000,2,k1,0.05,100,0.07,0.06908027865049617
null_gauss,lognorm,8000,2,k2,0.05,100,0.01,0.38941471968271507
null_gauss,lognorm,8000,3,hsic,0.0,100,0.0,0.00992537703280983
null_gauss,lognorm,8000,3,k1,0.05,100,0.07,0.06908027865049617
null_gauss,lognorm,8000,3,k2,0.05,100,0.01,0.38941471968271507
null_gauss,lognorm,8000,5,hsic,0.0,100,0.0,0.00992537703280983
null_gauss,lognorm,8000,5,k1,0.05,100,0.07,0.06908027865049617
null_gauss,lognorm,8000,5,k2,0.05,100,0.01,0.38941471968271507
null_gauss,t3,500,2,hsic,0.0,100,0.0,0.005798162232622942
null_gauss,t3,500,2,k1,0.05,100,0.0,0.011435045026780982
null_gauss,t3,500,2,k2,0.05,100,0.11,0.28834865798245707
null_gauss,t3,500,3,hsic,0.0,100,0.0,0.005798162232622942
null_gauss,t3,500,3,k1,0.05,100,0.0,0.011435045026780982
null_gauss,t3,500,3,k2,0.05,100,0.11,0.28834865798245707
null_gauss,t3,500,5,hsic,0.0,100,0.0,0.005798162232622942
null_gauss,t3,500,5,k1,0.05,100,0.0,0.011435045026780982
null_gauss,t3,500,5,k2,0.05,100,0.11,0.28834865798245707
null_gauss,t3,2000,2,hsic,0.0,100,0.0,0.004692611689172368
null_gauss,t3,2000,2,k1,0.05,100,0.01,0.007737436524478958
null_gauss,t3,2000,2,k2,0.05,100,0.11,0.22698619929605357
null_gauss,t3,2000,3,hsic,0.0,100,0.0,0.004692611689172368
null_gauss,t3,2000,3,k1,0.05,100,0.01,0.007737436524478958
null_gauss,t3,2000,3,k2,0.05,100,0.11,0.22698619929605357
null_gauss,t3,2000,5,hsic,0.0,100,0.0,0.004692611689172368
null_gauss,t3,2000,5,k1,0.05,100,0.01,0.007737436524478958
null_gauss,t3,2000,5,k2,0.05,100,0.11,0.22698619929605357
null_gauss,t3,8000,2,hsic,0.0,100,0.0,0.004462302825647768
null_gauss,t3,8000,2,k1,0.05,100,0.07,0.04695889036623094
null_gauss,t3,8000,2,k2,0.05,100,0.13,0.1658206640002237
null_gauss,t3,8000,3,hsic,0.0,100,0.0,0.004462302825647768
null_gauss,t3,8000,3,k1,0.05,100,0.07,0.04695889036623094
null_gauss,t3,8000,3,k2,0.05,100,0.13,0.1658206640002237
null_gauss,t3,8000,5,hsic,0.0,100,0.0,0.004462302825647768
null_gauss,t3,8000,5,k1,0.05,100,0.07,0.04695889036623094
null_gauss,t3,8000,5,k2,0.05,100,0.13,0.1658206640002237
null_nonparam,gauss,500,2,hsic,0.0,100,0.0,0.004197180789706546
null_nonparam,gauss,500,2,k1,0.0,100,0.0,0.011443015930544233
null_nonparam,gauss,500,2,k1,0.01,100,0.0,0.011199110470309805
null_nonparam,gauss,500,2,k1,0.05,100,0.0,0.011889163116017851
null_nonparam,gauss,500,2,k2,0.0,100,0.01,0.31425536820109706
null_nonparam,gauss,500,2,k2,0.01,100,0.01,0.2623605230029764
null_nonparam,gauss,500,2,k2,0.05,100,0.0,0.22679524111916183
null_nonparam,gauss,500,3,hsic,0.0,100,0.0,0.004197180789706546
null_nonparam,gauss,500,3,k1,0.0,100,0.0,0.011443015930544233
null_nonparam,gauss,500,3,k1,0.01,100,0.0,0.011199110470309805
null_nonparam,gauss,500,3,k1,0.05,100,0.0,0.011889163116017851
null_nonparam,gauss,500,3,k2,0.0,100,0.01,0.31425536820109706
null_nonparam,gauss,500,3,k2,0.01,100,0.01,0.2623605230029764
null_nonparam,gauss,500,3,k2,0.05,100,0.0,0.22679524111916183
null_nonparam,gauss,500,5,hsic,0.0,100,0.0,0.004197180789706546
null_nonparam,gauss,500,5,k1,0.0,100,0.0,0.011443015930544233
null_nonparam,gauss,500,5,k1,0.01,100,0.0,0.011199110470309805
null_nonparam,gauss,500,5,k1,0.05,100,0.0,0.011889163116017851
null_nonparam,gauss,500,5,k2,0.0,100,0.01,0.31425536820109706
null_nonparam,gauss,500,5,k2,0.01,100,0.01,0.2623605230029764
null_nonparam,gauss,500,5,k2,0.05,100,0.0,0.22679524111916183
null_nonparam,gauss,2000,2,hsic,0.0,100,0.0,0.003259622713779349
null_nonparam,gauss,2000,2,k1,0.0,100,0.0,0.007894523212832514
null_nonparam,gauss,2000,2,k1,0.01,100,0.0,0.007807088747289721
null_nonparam,gauss,2000,2,k1,0.05,100,0.0,0.008061687112947082
null_nonparam,gauss,2000,2,k2,0.0,100,0.01,0.24563031094896104
null_nonparam,gauss,2000,2,k2,0.01,100,0.02,0.19988026816599366
null_nonparam,gauss,2000,2,k2,0.05,100,0.02,0.1724335363635313
null_nonparam,gauss,2000,3,hsic,0.0,100,0.0,0.003259622713779349
null_nonparam,gauss,2000,3,k1,0.0,100,0.0,0.007894523212832514
null_nonparam,gauss,2000,3,k1,0.01,100,0.0,0.007807088747289721
null_nonparam,gauss,2000,3,k1,0.05,100,0.0,0.008061687112947082
null_nonparam,gauss,2000,3,k2,0.0,100,0.01,0.24563031094896104
null_nonparam,gauss,2000,3,k2,0.01,100,0.02,0.19988026816599366
null_nonparam,gauss,2000,3,k2,0.05,100,0.02,0.1724335363635313
null_nonparam,gauss,2000,5,hsic,0.0,100,0.0,0.003259622713779349
null_nonparam,gauss,2000,5,k1,0.0,100,0.0,0.007894523212832514
null_nonparam,gauss,2000,5,k1,0.01,100,0.0,0.007807088747289721
null_nonparam,gauss,2000,5,k1,0.05,100,0.0,0.008061687112947082
null_nonparam,gauss,2000,5,k2,0.0,100,0.01,0.24563031094896104
null_nonparam,gauss,2000,5,k2,0.01,100,0.02,0.19988026816599366
null_nonparam,gauss,2000,5,k2,0.05,100,0.02,0.1724335363635313
null_nonparam,gauss,8000,2,hsic,0.0,100,0.0,0.0032730986827209495
null_nonparam,gauss,8000,2,k1,0.0,100,0.06,0.04514516935699432
null_nonparam,gauss,8000,2,k1,0.01,100,0.05,0.043738289989190576
null_nonparam,gauss,8000,2,k1,0.05,100,0.05,0.0401703160626072
null_nonparam,gauss,8000,2,k2,0.0,100,0.01,0.176471637573277
null_nonparam,gauss,8000,2,k2,0.01,100,0.0,0.14024114206329796
null_nonparam,gauss,8000,2,k2,0.05,100,0.01,0.12329654857473038
null_nonparam,gauss,8000,3,hsic,0.0,100,0.0,0.0032730986827209495
null_nonparam,gauss,8000,3,k1,0.0,100,0.06,0.04514516935699432
null_nonparam,gauss,8000,3,k1,0.01,100,0.05,0.043738289989190576
null_nonparam,gauss,8000,3,k1,0.05,100,0.05,0.0401703160626072
null_nonparam,gauss,8000,3,k2,0.0,100,0.01,0.176471637573277
null_nonparam,gauss,8000,3,k2,0.01,100,0.0,0.14024114206329796
null_nonparam,gauss,8000,3,k2,0.05,100,0.01,0.12329654857473038
null_nonparam,gauss,8000,5,hsic,0.0,100,0.0,0.0032730986827209495
null_nonparam,gauss,8000,5,k1,0.0,100,0.06,0.04514516935699432
null_nonparam,gauss,8000,5,k1,0.01,100,0.05,0.043738289989190576
null_nonparam,gauss,8000,5,k1,0.05,100,0.05,0.0401703160626072
null_nonparam,gauss,8000,5,k2,0.0,100,0.01,0.176471637573277
null_nonparam,gauss,8000,5,k2,0.01,100,0.0,0.14024114206329796
null_nonparam,gauss,8000,5,k2,0.05,100,0.01,0.12329654857473038
null_nonparam,lognorm,500,2,hsic,0.0,100,0.0,0.010642261497170931
null_nonparam,lognorm,500,2,k1,0.05,100,0.19,0.013384027308110757
null_nonparam,lognorm,500,2,k2,0.05,100,0.07,0.541756350704279
null_nonparam,lognorm,500,3,hsic,0.0,100,0.0,0.010642261497170931
null_nonparam,lognorm,500,3,k1,0.05,100,0.19,0.013384027308110757
null_nonparam,lognorm,500,3,k2,0.05,100,0.07,0.541756350704279
null_nonparam,lognorm,500,5,hsic,0.0,100,0.0,0.010642261497170931
null_nonparam,lognorm,500,5,k1,0.05,100,0.19,0.013384027308110757
null_nonparam,lognorm,500,5,k2,0.05,100,0.07,0.541756350704279
null_nonparam,lognorm,2000,2,hsic,0.0,100,0.0,0.008400396955708078
null_nonparam,lognorm,2000,2,k1,0.05,100,0.07,0.012919693161693262
null_nonparam,lognorm,2000,2,k2,0.05,100,0.04,0.5006366236108216
null_nonparam,lognorm,2000,3,hsic,0.0,100,0.0,0.008400396955708078
null_nonparam,lognorm,2000,3,k1,0.05,100,0.07,0.012919693161693262
null_nonparam,lognorm,2000,3,k2,0.05,100,0.04,0.5006366236108216
null_nonparam,lognorm,2000,5,hsic,0.0,100,0.0,0.008400396955708078
null_nonparam,lognorm,2000,5,k1,0.05,100,0.07,0.012919693161693262
null_nonparam,lognorm,2000,5,k2,0.05,100,0.04,0.5006366236108216
null_nonparam,lognorm,8000,2,hsic,0.0,100,0.0,0.008569551417685735
null_nonparam,lognorm,8000,2,k1,0.05,100,0.09,0.06870751567295999
null_nonparam,lognorm,8000,2,k2,0.05,100,0.02,0.3865596232919152
null_nonparam,lognorm,8000,3,hsic,0.0,100,0.0,0.008569551417685735
null_nonparam,lognorm,8000,3,k1,0.05,100,0.09,0.06870751567295999
null_nonparam,lognorm,8000,3,k2,0.05,100,0.02,0.3865596232919152
null_nonparam,lognorm,8000,5,hsic,0.0,100,0.0,0.008569551417685735
null_nonparam,lognorm,8000,5,k1,0.05,100,0.09,0.06870751567295999
null_nonparam,lognorm,8000,5,k2,0.05,100,0.02,0.3865596232919152
null_nonparam,t3,500,2,hsic,0.0,100,0.0,0.0056803967141239135
null_nonparam,t3,500,2,k1,0.05,100,0.0,0.011446031555200985
null_nonparam,t3,500,2,k2,0.05,100,0.1,0.2848081160054482
null_nonparam,t3,500,3,hsic,0.0,100,0.0,0.0056803967141239135
null_nonparam,t3,500,3,k1,0.05,100,0.0,0.011446031555200985
null_nonparam,t3,500,3,k2,0.05,100,0.1,0.2848081160054482
null_nonparam,t3,500,5,hsic,0.0,100,0.0,0.0056803967141239135
null_nonparam,t3,500,5,k1,0.05,100,0.0,0.011446031555200985
null_nonparam,t3,500,5,k2,0.05,100,0.1,0.2848081160054482
null_nonparam,t3,2000,2,hsic,0.0,100,0.0,0.004704351394477992
null_nonparam,t3,2000,2,k1,0.05,100,0.01,0.007767874212923056
null_nonparam,t3,2000,2,k2,0.05,100,0.13,0.22468866929073641
null_nonparam,t3,2000,3,hsic,0.0,100,0.0,0.004704351394477992
null_nonparam,t3,2000,3,k1,0.05,100,0.01,0.007767874212923056
null_nonparam,t3,2000,3,k2,0.05,100,0.13,0.22468866929073641
null_nonparam,t3,2000,5,hsic,0.0,100,0.0,0.004704351394477992
null_nonparam,t3,2000,5,k1,0.05,100,0.01,0.007767874212923056
null_nonparam,t3,2000,5,k2,0.05,100,0.13,0.22468866929073641
null_nonparam,t3,8000,2,hsic,0.0,100,0.0,0.004433330675870224
null_nonparam,t3,8000,2,k1,0.05,100,0.07,0.04673589624381834
null_nonparam,t3,8000,2,k2,0.05,100,0.14,0.16455665017957596
null_nonparam,t3,8000,3,hsic,0.0,100,0.0,0.004433330675870224
null_nonparam,t3,8000,3,k1,0.05,100,0.07,0.04673589624381834
null_nonparam,t3,8000,3,k2,0.05,100,0.14,0.16455665017957596
null_nonparam,t3,8000,5,hsic,0.0,100,0.0,0.004433330675870224
null_nonparam,t3,8000,5,k1,0.05,100,0.07,0.04673589624381834
null_nonparam,t3,8000,5,k2,0.05,100,0.14,0.16455665017957596
