n,d,noise,kind,b,seed,method,stat_obs
20000,5,gauss,conf_lin,0.6,500000,k1,0.0038181506455796654
20000,5,gauss,conf_lin,0.6,500000,k2,0.04043197105313533
20000,5,gauss,conf_lin,0.6,500000,hsic,0.0006764657065111136
20000,5,gauss,conf_lin,0.6,500001,k1,0.0019899695331940803
20000,5,gauss,conf_lin,0.6,500001,k2,0.06160335081179168
20000,5,gauss,conf_lin,0.6,500001,hsic,0.0014107119100804724
20000,5,gauss,conf_lin,0.6,500002,k1,0.00421719158945133
20000,5,gauss,conf_lin,0.6,500002,k2,0.033224062106576455
20000,5,gauss,conf_lin,0.6,500002,hsic,0.002217918905224336
20000,5,gauss,conf_lin,0.6,500003,k1,0.0045081861125849665
20000,5,gauss,conf_lin,0.6,500003,k2,0.03443488600932934
20000,5,gauss,conf_lin,0.6,500003,hsic,0.001788073986926863
20000,5,gauss,conf_lin,0.6,500004,k1,0.004932617821950758
20000,5,gauss,conf_lin,0.6,500004,k2,0.06172064896187566
20000,5,gauss,conf_lin,0.6,500004,hsic,0.0007817851365998009
20000,5,gauss,conf_lin,0.6,500005,k1,0.006600362529886272
20000,5,gauss,conf_lin,0.6,500005,k2,0.04581609029724836
20000,5,gauss,conf_lin,0.6,500005,hsic,0.0010682922658327995
20000,5,gauss,conf_lin,0.6,500006,k1,0.011211761300572998
20000,5,gauss,conf_lin,0.6,500006,k2,0.029685999843240007
20000,5,gauss,conf_lin,0.6,500006,hsic,0.0005286163166363458
20000,5,gauss,conf_lin,0.6,500007,k1,0.002647350086491529
20000,5,gauss,conf_lin,0.6,500007,k2,0.026658186032857356
20000,5,gauss,conf_lin,0.6,500007,hsic,0.0014051150280291556
20000,5,gauss,conf_lin,0.6,500008,k1,0.012792956485748297
20000,5,gauss,conf_lin,0.6,500008,k2,0.061027415687918266
20000,5,gauss,conf_lin,0.6,500008,hsic,0.001838488416606662
20000,5,gauss,conf_lin,0.6,500009,k1,0.005358188383463025
20000,5,gauss,conf_lin,0.6,500009,k2,0.06898374352936815
20000,5,gauss,conf_lin,0.6,500009,hsic,1.564016653726532e-05
20000,5,gauss,conf_lin,0.6,500010,k1,0.010612581868556292
20000,5,gauss,conf_lin,0.6,500010,k2,0.058060348142786114
20000,5,gauss,conf_lin,0.6,500010,hsic,0.0010191537724822135
20000,5,gauss,conf_lin,0.6,500011,k1,0.005164853411458337
20000,5,gauss,conf_lin,0.6,500011,k2,0.02798358943253086
20000,5,gauss,conf_lin,0.6,500011,hsic,0.0006858779338929237
20000,5,gauss,conf_lin,0.6,500012,k1,0.013227467264771753
20000,5,gauss,conf_lin,0.6,500012,k2,0.036724777663683365
20000,5,gauss,conf_lin,0.6,500012,hsic,0.002760979244829929
20000,5,gauss,conf_lin,0.6,500013,k1,0.004938968061275917
20000,5,gauss,conf_lin,0.6,500013,k2,0.03570679564165921
20000,5,gauss,conf_lin,0.6,500013,hsic,0.00016543889571672042
20000,5,gauss,conf_lin,0.6,500014,k1,0.0054798708108823035
20000,5,gauss,conf_lin,0.6,500014,k2,0.04451992638552104
20000,5,gauss,conf_lin,0.6,500014,hsic,0.001339790770086361
20000,5,gauss,conf_lin,0.6,500015,k1,0.004240155997379702
20000,5,gauss,conf_lin,0.6,500015,k2,0.022005104716689868
20000,5,gauss,conf_lin,0.6,500015,hsic,0.0008578127403717906
20000,5,gauss,conf_lin,0.6,500016,k1,0.009151258070152601
20000,5,gauss,conf_lin,0.6,500016,k2,0.024008712475713127
20000,5,gauss,conf_lin,0.6,500016,hsic,0.0009002026792205223
20000,5,gauss,conf_lin,0.6,500017,k1,0.006082089139850422
20000,5,gauss,conf_lin,0.6,500017,k2,0.023998339318854478
20000,5,gauss,conf_lin,0.6,500017,hsic,0.002279760875613888
20000,5,gauss,conf_lin,0.6,500018,k1,0.005080194019811413
20000,5,gauss,conf_lin,0.6,500018,k2,0.018670337299868
20000,5,gauss,conf_lin,0.6,500018,hsic,0.0028878597389066143
20000,5,gauss,conf_lin,0.6,500019,k1,0.004395950965657147
20000,5,gauss,conf_lin,0.6,500019,k2,0.022338272070158965
20000,5,gauss,conf_lin,0.6,500019,hsic,0.001239787157726882
20000,5,gauss,conf_lin,0.6,500020,k1,0.007468284586689133
20000,5,gauss,conf_lin,0.6,500020,k2,0.046493223424722153
20000,5,gauss,conf_lin,0.6,500020,hsic,0.0004404841248869019
20000,5,gauss,conf_lin,0.6,500021,k1,0.0060155742927008315
20000,5,gauss,conf_lin,0.6,500021,k2,0.04697431831920131
20000,5,gauss,conf_lin,0.6,500021,hsic,0.00023814342520245174
20000,5,gauss,conf_lin,0.6,500022,k1,0.006370044247391293
20000,5,gauss,conf_lin,0.6,500022,k2,0.02744050769418372
20000,5,gauss,conf_lin,0.6,500022,hsic,0.0013609224007499823
20000,5,gauss,conf_lin,0.6,500023,k1,0.0060355470259457755
20000,5,gauss,conf_lin,0.6,500023,k2,0.01793011321382023
20000,5,gauss,conf_lin,0.6,500023,hsic,0.0003399547097732275
20000,5,gauss,conf_lin,0.6,500024,k1,0.008149152594093212
20000,5,gauss,conf_lin,0.6,500024,k2,0.03752600665738813
20000,5,gauss,conf_lin,0.6,500024,hsic,0.0021166346839067694
20000,5,gauss,conf_lin,0.6,500025,k1,0.004270781493360021
20000,5,gauss,conf_lin,0.6,500025,k2,0.049613590268347135
20000,5,gauss,conf_lin,0.6,500025,hsic,0.00027521433003137763
20000,5,gauss,conf_lin,0.6,500026,k1,0.005729494894912479
20000,5,gauss,conf_lin,0.6,500026,k2,0.039301897565444145
20000,5,gauss,conf_lin,0.6,500026,hsic,0.00028548462170881894
20000,5,gauss,conf_lin,0.6,500027,k1,0.00399572362865952
20000,5,gauss,conf_lin,0.6,500027,k2,0.02325181446711542
20000,5,gauss,conf_lin,0.6,500027,hsic,0.000579341142638021
20000,5,gauss,conf_lin,0.6,500028,k1,0.0058411592956564284
20000,5,gauss,conf_lin,0.6,500028,k2,0.047182149790594784
20000,5,gauss,conf_lin,0.6,500028,hsic,0.0014500396486272836
20000,5,gauss,conf_lin,0.6,500029,k1,0.007215700445153628
20000,5,gauss,conf_lin,0.6,500029,k2,0.03341212877544974
20000,5,gauss,conf_lin,0.6,500029,hsic,4.623094366122391e-05
20000,5,gauss,conf_lin,0.6,500030,k1,0.006604822570576818
20000,5,gauss,conf_lin,0.6,500030,k2,0.022605557332110643
20000,5,gauss,conf_lin,0.6,500030,hsic,0.00020215915903347605
20000,5,gauss,conf_lin,0.6,500031,k1,0.008726761612899647
20000,5,gauss,conf_lin,0.6,500031,k2,0.02397553921286038
20000,5,gauss,conf_lin,0.6,500031,hsic,0.0012198776474830057
20000,5,gauss,conf_lin,0.6,500032,k1,0.00243212301539264
20000,5,gauss,conf_lin,0.6,500032,k2,0.026804802672219196
20000,5,gauss,conf_lin,0.6,500032,hsic,0.00043695384282272054
20000,5,gauss,conf_lin,0.6,500033,k1,0.006673275156934055
20000,5,gauss,conf_lin,0.6,500033,k2,0.040558495276233814
20000,5,gauss,conf_lin,0.6,500033,hsic,0.0008037654024928743
20000,5,gauss,conf_lin,0.6,500034,k1,0.007781802488373679
20000,5,gauss,conf_lin,0.6,500034,k2,0.08054884331254807
20000,5,gauss,conf_lin,0.6,500034,hsic,0.0012214920866788078
20000,5,gauss,conf_lin,0.6,500035,k1,0.00559900944520797
20000,5,gauss,conf_lin,0.6,500035,k2,0.024265845281968908
20000,5,gauss,conf_lin,0.6,500035,hsic,0.0011271252023454346
20000,5,gauss,conf_lin,0.6,500036,k1,0.00625567875771027
20000,5,gauss,conf_lin,0.6,500036,k2,0.08931025409054523
20000,5,gauss,conf_lin,0.6,500036,hsic,0.0004834095871461633
20000,5,gauss,conf_lin,0.6,500037,k1,0.006130864451784013
20000,5,gauss,conf_lin,0.6,500037,k2,0.041758079072285306
20000,5,gauss,conf_lin,0.6,500037,hsic,7.264920660906311e-05
20000,5,gauss,conf_lin,0.6,500038,k1,0.005325433109656719
20000,5,gauss,conf_lin,0.6,500038,k2,0.01897734076464868
20000,5,gauss,conf_lin,0.6,500038,hsic,1.1377017339028694e-05
20000,5,gauss,conf_lin,0.6,500039,k1,0.0064789030369774014
20000,5,gauss,conf_lin,0.6,500039,k2,0.016677732198879545
20000,5,gauss,conf_lin,0.6,500039,hsic,0.002116320940985453
20000,5,gauss,conf_lin,0.6,500040,k1,0.006982483867971623
20000,5,gauss,conf_lin,0.6,500040,k2,0.03689368230326035
20000,5,gauss,conf_lin,0.6,500040,hsic,0.0014320190213977504
20000,5,gauss,conf_lin,0.6,500041,k1,0.009001598574771674
20000,5,gauss,conf_lin,0.6,500041,k2,0.04826640506071987
20000,5,gauss,conf_lin,0.6,500041,hsic,0.0004512476688257344
20000,5,gauss,conf_lin,0.6,500042,k1,0.00569980829474237
20000,5,gauss,conf_lin,0.6,500042,k2,0.024101529438926905
20000,5,gauss,conf_lin,0.6,500042,hsic,0.0015118295277136197
20000,5,gauss,conf_lin,0.6,500043,k1,0.007300683845136602
20000,5,gauss,conf_lin,0.6,500043,k2,0.030339313721337115
20000,5,gauss,conf_lin,0.6,500043,hsic,0.0004916816152979008
20000,5,gauss,conf_lin,0.6,500044,k1,0.002347159872618576
20000,5,gauss,conf_lin,0.6,500044,k2,0.028893936585776134
20000,5,gauss,conf_lin,0.6,500044,hsic,0.0006000931704284186
20000,5,gauss,conf_lin,0.6,500045,k1,0.006545375470294323
20000,5,gauss,conf_lin,0.6,500045,k2,0.026120090170294225
20000,5,gauss,conf_lin,0.6,500045,hsic,0.0003479477924014768
20000,5,gauss,conf_lin,0.6,500046,k1,0.006876284999806304
20000,5,gauss,conf_lin,0.6,500046,k2,0.06614937849166753
20000,5,gauss,conf_lin,0.6,500046,hsic,0.0017483613745702268
20000,5,gauss,conf_lin,0.6,500047,k1,0.006637990278536066
20000,5,gauss,conf_lin,0.6,500047,k2,0.04875008193873079
20000,5,gauss,conf_lin,0.6,500047,hsic,0.0009648549311372717
20000,5,gauss,conf_lin,0.6,500048,k1,0.0030785519205140943
20000,5,gauss,conf_lin,0.6,500048,k2,0.049790619764975834
20000,5,gauss,conf_lin,0.6,500048,hsic,0.0003829389118863701
20000,5,gauss,conf_lin,0.6,500049,k1,0.005235588073240649
20000,5,gauss,conf_lin,0.6,500049,k2,0.03166821109747488
20000,5,gauss,conf_lin,0.6,500049,hsic,4.4750702075510464e-05
20000,5,gauss,conf_lin,0.6,500050,k1,0.007399882911768407
20000,5,gauss,conf_lin,0.6,500050,k2,0.042970758017663487
20000,5,gauss,conf_lin,0.6,500050,hsic,0.0007130332754552627
20000,5,gauss,conf_lin,0.6,500051,k1,0.006810800229660741
20000,5,gauss,conf_lin,0.6,500051,k2,0.041213738869896085
20000,5,gauss,conf_lin,0.6,500051,hsic,0.0001003925114270464
20000,5,gauss,conf_lin,0.6,500052,k1,0.0050552949876662145
20000,5,gauss,conf_lin,0.6,500052,k2,0.021866975208878696
20000,5,gauss,conf_lin,0.6,500052,hsic,0.00028928958766630817
20000,5,gauss,conf_lin,0.6,500053,k1,0.007393651626715569
20000,5,gauss,conf_lin,0.6,500053,k2,0.04239185484855371
20000,5,gauss,conf_lin,0.6,500053,hsic,0.00036146704676920724
20000,5,gauss,conf_lin,0.6,500054,k1,0.010659402197438883
20000,5,gauss,conf_lin,0.6,500054,k2,0.04419986548437224
20000,5,gauss,conf_lin,0.6,500054,hsic,0.001265546819161744
20000,5,gauss,conf_lin,0.6,500055,k1,0.0039854721739454035
20000,5,gauss,conf_lin,0.6,500055,k2,0.02733731204925382
20000,5,gauss,conf_lin,0.6,500055,hsic,0.0008839633414283542
20000,5,gauss,conf_lin,0.6,500056,k1,0.003984598953496232
20000,5,gauss,conf_lin,0.6,500056,k2,0.04128598190714076
20000,5,gauss,conf_lin,0.6,500056,hsic,0.001573249775725912
20000,5,gauss,conf_lin,0.6,500057,k1,0.006905021811030254
20000,5,gauss,conf_lin,0.6,500057,k2,0.03469097308762633
20000,5,gauss,conf_lin,0.6,500057,hsic,0.0014806278006056991
20000,5,gauss,conf_lin,0.6,500058,k1,0.005452730131631056
20000,5,gauss,conf_lin,0.6,500058,k2,0.01710396503048182
20000,5,gauss,conf_lin,0.6,500058,hsic,0.0017405334438401062
20000,5,gauss,conf_lin,0.6,500059,k1,0.00470274497418699
20000,5,gauss,conf_lin,0.6,500059,k2,0.03188811676697328
20000,5,gauss,conf_lin,0.6,500059,hsic,0.00041720154137160577
20000,5,gauss,conf_lin,0.6,500060,k1,0.0031867635142320827
20000,5,gauss,conf_lin,0.6,500060,k2,0.0351061781968455
20000,5,gauss,conf_lin,0.6,500060,hsic,0.0032419189180915536
20000,5,gauss,conf_lin,0.6,500061,k1,0.007469791200423015
20000,5,gauss,conf_lin,0.6,500061,k2,0.0388702357119511
20000,5,gauss,conf_lin,0.6,500061,hsic,0.0009509305105859982
20000,5,gauss,conf_lin,0.6,500062,k1,0.006409885814872229
20000,5,gauss,conf_lin,0.6,500062,k2,0.02352668518063293
20000,5,gauss,conf_lin,0.6,500062,hsic,0.001000095321842703
20000,5,gauss,conf_lin,0.6,500063,k1,0.0049228208377031235
20000,5,gauss,conf_lin,0.6,500063,k2,0.050531207605222984
20000,5,gauss,conf_lin,0.6,500063,hsic,0.001554132952082974
20000,5,gauss,conf_lin,0.6,500064,k1,0.006498795349952569
20000,5,gauss,conf_lin,0.6,500064,k2,0.03900913374773422
20000,5,gauss,conf_lin,0.6,500064,hsic,0.000737838892745396
20000,5,gauss,conf_lin,0.6,500065,k1,0.0075822518880857
20000,5,gauss,conf_lin,0.6,500065,k2,0.014017346188085308
20000,5,gauss,conf_lin,0.6,500065,hsic,0.0016337766939507426
20000,5,gauss,conf_lin,0.6,500066,k1,0.0045569307394809355
20000,5,gauss,conf_lin,0.6,500066,k2,0.02695476987485817
20000,5,gauss,conf_lin,0.6,500066,hsic,0.000821427926251805
20000,5,gauss,conf_lin,0.6,500067,k1,0.0031954160872535997
20000,5,gauss,conf_lin,0.6,500067,k2,0.027015777841786263
20000,5,gauss,conf_lin,0.6,500067,hsic,0.0014739626272583187
20000,5,gauss,conf_lin,0.6,500068,k1,0.004575707225672909
20000,5,gauss,conf_lin,0.6,500068,k2,0.021259317577633875
20000,5,gauss,conf_lin,0.6,500068,hsic,0.0005662852197190542
20000,5,gauss,conf_lin,0.6,500069,k1,0.003786645401708588
20000,5,gauss,conf_lin,0.6,500069,k2,0.07688457698759738
20000,5,gauss,conf_lin,0.6,500069,hsic,0.000704436474529262
20000,5,gauss,conf_lin,0.6,500070,k1,0.007175543566452114
20000,5,gauss,conf_lin,0.6,500070,k2,0.019402595928119763
20000,5,gauss,conf_lin,0.6,500070,hsic,0.0007450600092675409
20000,5,gauss,conf_lin,0.6,500071,k1,0.005735565742030269
20000,5,gauss,conf_lin,0.6,500071,k2,0.07267284925127425
20000,5,gauss,conf_lin,0.6,500071,hsic,0.001783580282330774
20000,5,gauss,conf_lin,0.6,500072,k1,0.005565004135882234
20000,5,gauss,conf_lin,0.6,500072,k2,0.026602604913523363
20000,5,gauss,conf_lin,0.6,500072,hsic,0.00021772238345608842
20000,5,gauss,conf_lin,0.6,500073,k1,0.00845894835569383
20000,5,gauss,conf_lin,0.6,500073,k2,0.0461197577882541
20000,5,gauss,conf_lin,0.6,500073,hsic,0.0012965524205445689
20000,5,gauss,conf_lin,0.6,500074,k1,0.007940033029133042
20000,5,gauss,conf_lin,0.6,500074,k2,0.0329256013496317
20000,5,gauss,conf_lin,0.6,500074,hsic,0.0005737531199525403
20000,5,gauss,conf_lin,0.6,500075,k1,0.0060686716863980195
20000,5,gauss,conf_lin,0.6,500075,k2,0.029469116666958933
20000,5,gauss,conf_lin,0.6,500075,hsic,0.0029952282075650116
20000,5,gauss,conf_lin,0.6,500076,k1,0.0060331027201298015
20000,5,gauss,conf_lin,0.6,500076,k2,0.03399692970502523
20000,5,gauss,conf_lin,0.6,500076,hsic,0.002687195195529177
20000,5,gauss,conf_lin,0.6,500077,k1,0.010718342973808914
20000,5,gauss,conf_lin,0.6,500077,k2,0.033666436209057155
20000,5,gauss,conf_lin,0.6,500077,hsic,6.782963152464027e-05
20000,5,gauss,conf_lin,0.6,500078,k1,0.005314143605043453
20000,5,gauss,conf_lin,0.6,500078,k2,0.038823381567325455
20000,5,gauss,conf_lin,0.6,500078,hsic,0.0017592492174309427
20000,5,gauss,conf_lin,0.6,500079,k1,0.003730994686025779
20000,5,gauss,conf_lin,0.6,500079,k2,0.0258692195958988
20000,5,gauss,conf_lin,0.6,500079,hsic,0.000918224385077361
20000,5,gauss,conf_lin,0.6,500080,k1,0.004911732952398107
20000,5,gauss,conf_lin,0.6,500080,k2,0.030087489138081566
20000,5,gauss,conf_lin,0.6,500080,hsic,0.00029187652968979224
20000,5,gauss,conf_lin,0.6,500081,k1,0.012092803395823748
20000,5,gauss,conf_lin,0.6,500081,k2,0.04482126463240229
20000,5,gauss,conf_lin,0.6,500081,hsic,0.001729542992808834
20000,5,gauss,conf_lin,0.6,500082,k1,0.001543784047045138
20000,5,gauss,conf_lin,0.6,500082,k2,0.02734696382546605
20000,5,gauss,conf_lin,0.6,500082,hsic,0.0011625265849716081
20000,5,gauss,conf_lin,0.6,500083,k1,0.008703755776805489
20000,5,gauss,conf_lin,0.6,500083,k2,0.03587186041743329
20000,5,gauss,conf_lin,0.6,500083,hsic,0.00046263867103916604
20000,5,gauss,conf_lin,0.6,500084,k1,0.007611436242486946
20000,5,gauss,conf_lin,0.6,500084,k2,0.018233664192412163
20000,5,gauss,conf_lin,0.6,500084,hsic,0.0007296089158061986
20000,5,gauss,conf_lin,0.6,500085,k1,0.006270469710864868
20000,5,gauss,conf_lin,0.6,500085,k2,0.04692861089686725
20000,5,gauss,conf_lin,0.6,500085,hsic,0.0018817746585918058
20000,5,gauss,conf_lin,0.6,500086,k1,0.0036965054477507975
20000,5,gauss,conf_lin,0.6,500086,k2,0.012452918258282816
20000,5,gauss,conf_lin,0.6,500086,hsic,0.0006266242948769244
20000,5,gauss,conf_lin,0.6,500087,k1,0.006551974748512657
20000,5,gauss,conf_lin,0.6,500087,k2,0.02644398763582065
20000,5,gauss,conf_lin,0.6,500087,hsic,0.0010640558086773603
20000,5,gauss,conf_lin,0.6,500088,k1,0.006215787810865403
20000,5,gauss,conf_lin,0.6,500088,k2,0.07904254914453315
20000,5,gauss,conf_lin,0.6,500088,hsic,0.002970070375224541
20000,5,gauss,conf_lin,0.6,500089,k1,0.008175907341246402
20000,5,gauss,conf_lin,0.6,500089,k2,0.029449014460727264
20000,5,gauss,conf_lin,0.6,500089,hsic,0.0014074273467009667
20000,5,gauss,conf_lin,0.6,500090,k1,0.005721778393361077
20000,5,gauss,conf_lin,0.6,500090,k2,0.037720491733243655
20000,5,gauss,conf_lin,0.6,500090,hsic,0.0012300517596183411
20000,5,gauss,conf_lin,0.6,500091,k1,0.004866203940151581
20000,5,gauss,conf_lin,0.6,500091,k2,0.03227351633952905
20000,5,gauss,conf_lin,0.6,500091,hsic,0.0006137910581454191
20000,5,gauss,conf_lin,0.6,500092,k1,0.005649010744217531
20000,5,gauss,conf_lin,0.6,500092,k2,0.027673130801005977
20000,5,gauss,conf_lin,0.6,500092,hsic,0.0006517037609729463
20000,5,gauss,conf_lin,0.6,500093,k1,0.010489477413495263
20000,5,gauss,conf_lin,0.6,500093,k2,0.03318521082330686
20000,5,gauss,conf_lin,0.6,500093,hsic,0.0005981108716310181
20000,5,gauss,conf_lin,0.6,500094,k1,0.005565227352203994
20000,5,gauss,conf_lin,0.6,500094,k2,0.025093348901618715
20000,5,gauss,conf_lin,0.6,500094,hsic,0.001686365243909144
20000,5,gauss,conf_lin,0.6,500095,k1,0.004565959592150226
20000,5,gauss,conf_lin,0.6,500095,k2,0.028519624563674073
20000,5,gauss,conf_lin,0.6,500095,hsic,0.00012860613136856188
20000,5,gauss,conf_lin,0.6,500096,k1,0.005207744812406601
20000,5,gauss,conf_lin,0.6,500096,k2,0.018712209355313498
20000,5,gauss,conf_lin,0.6,500096,hsic,0.00024495048949736833
20000,5,gauss,conf_lin,0.6,500097,k1,0.005436897088485271
20000,5,gauss,conf_lin,0.6,500097,k2,0.0392083854053312
20000,5,gauss,conf_lin,0.6,500097,hsic,0.0009099113535149197
20000,5,gauss,conf_lin,0.6,500098,k1,0.017793484834513595
20000,5,gauss,conf_lin,0.6,500098,k2,0.04555193001169662
20000,5,gauss,conf_lin,0.6,500098,hsic,0.0001930727544144533
20000,5,gauss,conf_lin,0.6,500099,k1,0.003512942508070993
20000,5,gauss,conf_lin,0.6,500099,k2,0.04889755397805653
20000,5,gauss,conf_lin,0.6,500099,hsic,0.002207813146037729
20000,5,gauss,conf_lin,0.6,500100,k1,0.005730432767294791
20000,5,gauss,conf_lin,0.6,500100,k2,0.0335635581589239
20000,5,gauss,conf_lin,0.6,500100,hsic,0.0023732213876956278
20000,5,gauss,conf_lin,0.6,500101,k1,0.006944138378936593
20000,5,gauss,conf_lin,0.6,500101,k2,0.02798082837298262
20000,5,gauss,conf_lin,0.6,500101,hsic,0.0002730246403206132
20000,5,gauss,conf_lin,0.6,500102,k1,0.005652997827549133
20000,5,gauss,conf_lin,0.6,500102,k2,0.026121613610008847
20000,5,gauss,conf_lin,0.6,500102,hsic,0.0008184710116020255
20000,5,gauss,conf_lin,0.6,500103,k1,0.010465876982223898
20000,5,gauss,conf_lin,0.6,500103,k2,0.019191607260673565
20000,5,gauss,conf_lin,0.6,500103,hsic,0.002629825042937983
20000,5,gauss,conf_lin,0.6,500104,k1,0.005599525768593905
20000,5,gauss,conf_lin,0.6,500104,k2,0.04978320272004128
20000,5,gauss,conf_lin,0.6,500104,hsic,0.00031972588302461044
20000,5,gauss,conf_lin,0.6,500105,k1,0.00498105611267885
20000,5,gauss,conf_lin,0.6,500105,k2,0.04112563755804324
20000,5,gauss,conf_lin,0.6,500105,hsic,0.0013025966289121939
20000,5,gauss,conf_lin,0.6,500106,k1,0.00722637960739847
20000,5,gauss,conf_lin,0.6,500106,k2,0.028718208447867412
20000,5,gauss,conf_lin,0.6,500106,hsic,0.0007062086640340288
20000,5,gauss,conf_lin,0.6,500107,k1,0.0046287918017589025
20000,5,gauss,conf_lin,0.6,500107,k2,0.023230588208013735
20000,5,gauss,conf_lin,0.6,500107,hsic,0.002522221565584854
20000,5,gauss,conf_lin,0.6,500108,k1,0.004402077417255401
20000,5,gauss,conf_lin,0.6,500108,k2,0.03476437697046703
20000,5,gauss,conf_lin,0.6,500108,hsic,0.0022166600800850294
20000,5,gauss,conf_lin,0.6,500109,k1,0.00647828396408312
20000,5,gauss,conf_lin,0.6,500109,k2,0.03797179457320609
20000,5,gauss,conf_lin,0.6,500109,hsic,0.0006738250793521532
20000,5,gauss,conf_lin,0.6,500110,k1,0.006489354179408879
20000,5,gauss,conf_lin,0.6,500110,k2,0.03210832248984338
20000,5,gauss,conf_lin,0.6,500110,hsic,0.002506684435416446
20000,5,gauss,conf_lin,0.6,500111,k1,0.0068650661613366415
20000,5,gauss,conf_lin,0.6,500111,k2,0.03248958130192763
20000,5,gauss,conf_lin,0.6,500111,hsic,0.0010119008449987967
20000,5,gauss,conf_lin,0.6,500112,k1,0.0031771566883228575
20000,5,gauss,conf_lin,0.6,500112,k2,0.02576717796966521
20000,5,gauss,conf_lin,0.6,500112,hsic,0.0015383010037655388
20000,5,gauss,conf_lin,0.6,500113,k1,0.009900645447469048
20000,5,gauss,conf_lin,0.6,500113,k2,0.028381475971663527
20000,5,gauss,conf_lin,0.6,500113,hsic,0.002906114680189771
20000,5,gauss,conf_lin,0.6,500114,k1,0.005944017223121434
20000,5,gauss,conf_lin,0.6,500114,k2,0.02513566555662373
20000,5,gauss,conf_lin,0.6,500114,hsic,0.00011388568879120547
20000,5,gauss,conf_lin,0.6,500115,k1,0.005780030048291418
20000,5,gauss,conf_lin,0.6,500115,k2,0.051911509230995564
20000,5,gauss,conf_lin,0.6,500115,hsic,0.0009974247119992103
20000,5,gauss,conf_lin,0.6,500116,k1,0.008760750200998535
20000,5,gauss,conf_lin,0.6,500116,k2,0.02751656922675166
20000,5,gauss,conf_lin,0.6,500116,hsic,0.0009376942791184043
20000,5,gauss,conf_lin,0.6,500117,k1,0.006893267319164176
20000,5,gauss,conf_lin,0.6,500117,k2,0.024612841077749175
20000,5,gauss,conf_lin,0.6,500117,hsic,0.0028077954513604526
20000,5,gauss,conf_lin,0.6,500118,k1,0.009042223957613005
20000,5,gauss,conf_lin,0.6,500118,k2,0.034892192441617766
20000,5,gauss,conf_lin,0.6,500118,hsic,0.0023371387156501298
20000,5,gauss,conf_lin,0.6,500119,k1,0.006636548751370652
20000,5,gauss,conf_lin,0.6,500119,k2,0.04863395519282479
20000,5,gauss,conf_lin,0.6,500119,hsic,0.00017600347555608896
20000,5,gauss,conf_lin,0.6,500120,k1,0.009784202385355378
20000,5,gauss,conf_lin,0.6,500120,k2,0.020492082327213234
20000,5,gauss,conf_lin,0.6,500120,hsic,0.0003121609035785156
20000,5,gauss,conf_lin,0.6,500121,k1,0.004028581784779606
20000,5,gauss,conf_lin,0.6,500121,k2,0.06707569679095338
20000,5,gauss,conf_lin,0.6,500121,hsic,0.0019768245130822003
20000,5,gauss,conf_lin,0.6,500122,k1,0.0041228187533272065
20000,5,gauss,conf_lin,0.6,500122,k2,0.0338455548277547
20000,5,gauss,conf_lin,0.6,500122,hsic,7.71986823101038e-05
20000,5,gauss,conf_lin,0.6,500123,k1,0.003477137855510515
20000,5,gauss,conf_lin,0.6,500123,k2,0.023993159657787276
20000,5,gauss,conf_lin,0.6,500123,hsic,0.002023056545441168
20000,5,gauss,conf_lin,0.6,500124,k1,0.007519970882244875
20000,5,gauss,conf_lin,0.6,500124,k2,0.027486327784361293
20000,5,gauss,conf_lin,0.6,500124,hsic,0.0010662198300157041
20000,5,gauss,conf_lin,0.6,500125,k1,0.009436454270030259
20000,5,gauss,conf_lin,0.6,500125,k2,0.016823166792005757
20000,5,gauss,conf_lin,0.6,500125,hsic,0.0009163630568297187
20000,5,gauss,conf_lin,0.6,500126,k1,0.006121372862061825
20000,5,gauss,conf_lin,0.6,500126,k2,0.015091205326982304
20000,5,gauss,conf_lin,0.6,500126,hsic,0.0005602943412620151
20000,5,gauss,conf_lin,0.6,500127,k1,0.005078027180318467
20000,5,gauss,conf_lin,0.6,500127,k2,0.025657370180479075
20000,5,gauss,conf_lin,0.6,500127,hsic,0.0022657463293015104
20000,5,gauss,conf_lin,0.6,500128,k1,0.005081293423467637
20000,5,gauss,conf_lin,0.6,500128,k2,0.020813513392583513
20000,5,gauss,conf_lin,0.6,500128,hsic,0.002635096352160692
20000,5,gauss,conf_lin,0.6,500129,k1,0.00777071723609557
20000,5,gauss,conf_lin,0.6,500129,k2,0.061794453871279305
20000,5,gauss,conf_lin,0.6,500129,hsic,0.00011961524674367662
20000,5,gauss,conf_lin,0.6,500130,k1,0.004570012799718803
20000,5,gauss,conf_lin,0.6,500130,k2,0.032664673307767574
20000,5,gauss,conf_lin,0.6,500130,hsic,0.0019135572694542326
20000,5,gauss,conf_lin,0.6,500131,k1,0.0039183546198501285
20000,5,gauss,conf_lin,0.6,500131,k2,0.0277533693464125
20000,5,gauss,conf_lin,0.6,500131,hsic,0.0021591075629064827
20000,5,gauss,conf_lin,0.6,500132,k1,0.0025224424077832097
20000,5,gauss,conf_lin,0.6,500132,k2,0.03393613609185192
20000,5,gauss,conf_lin,0.6,500132,hsic,0.00046966839571459593
20000,5,gauss,conf_lin,0.6,500133,k1,0.009146127996517817
20000,5,gauss,conf_lin,0.6,500133,k2,0.04741603998697582
20000,5,gauss,conf_lin,0.6,500133,hsic,0.0006768400708795609
20000,5,gauss,conf_lin,0.6,500134,k1,0.007280563906293613
20000,5,gauss,conf_lin,0.6,500134,k2,0.11640663435906488
20000,5,gauss,conf_lin,0.6,500134,hsic,0.001058393590853494
20000,5,gauss,conf_lin,0.6,500135,k1,0.01211439462839059
20000,5,gauss,conf_lin,0.6,500135,k2,0.03190698447102095
20000,5,gauss,conf_lin,0.6,500135,hsic,0.0017180093922055555
20000,5,gauss,conf_lin,0.6,500136,k1,0.008132223204596722
20000,5,gauss,conf_lin,0.6,500136,k2,0.033141353145457304
20000,5,gauss,conf_lin,0.6,500136,hsic,0.001331835868973208
20000,5,gauss,conf_lin,0.6,500137,k1,0.009988127354486842
20000,5,gauss,conf_lin,0.6,500137,k2,0.051003312147455404
20000,5,gauss,conf_lin,0.6,500137,hsic,0.0008477157754688946
20000,5,gauss,conf_lin,0.6,500138,k1,0.0064955451207594495
20000,5,gauss,conf_lin,0.6,500138,k2,0.04433071443813616
20000,5,gauss,conf_lin,0.6,500138,hsic,0.000612155019766686
20000,5,gauss,conf_lin,0.6,500139,k1,0.004321103783168856
20000,5,gauss,conf_lin,0.6,500139,k2,0.020214667262933465
20000,5,gauss,conf_lin,0.6,500139,hsic,0.002060823630598415
20000,5,gauss,conf_lin,0.6,500140,k1,0.004547015580784186
20000,5,gauss,conf_lin,0.6,500140,k2,0.031003436200064034
20000,5,gauss,conf_lin,0.6,500140,hsic,0.0005310169929151389
20000,5,gauss,conf_lin,0.6,500141,k1,0.003974674855682148
20000,5,gauss,conf_lin,0.6,500141,k2,0.04282725037445141
20000,5,gauss,conf_lin,0.6,500141,hsic,0.0016870806700457017
20000,5,gauss,conf_lin,0.6,500142,k1,0.004952814309660103
20000,5,gauss,conf_lin,0.6,500142,k2,0.044086832725019266
20000,5,gauss,conf_lin,0.6,500142,hsic,0.0006594610956302395
20000,5,gauss,conf_lin,0.6,500143,k1,0.004386087948459516
20000,5,gauss,conf_lin,0.6,500143,k2,0.03770120495499092
20000,5,gauss,conf_lin,0.6,500143,hsic,0.0007877250330637505
20000,5,gauss,conf_lin,0.6,500144,k1,0.008045098333119838
20000,5,gauss,conf_lin,0.6,500144,k2,0.02551259075981384
20000,5,gauss,conf_lin,0.6,500144,hsic,0.00017369718381145006
20000,5,gauss,conf_lin,0.6,500145,k1,0.005687746893908385
20000,5,gauss,conf_lin,0.6,500145,k2,0.02287617574711058
20000,5,gauss,conf_lin,0.6,500145,hsic,0.00010426776660417282
20000,5,gauss,conf_lin,0.6,500146,k1,0.003794190576811962
20000,5,gauss,conf_lin,0.6,500146,k2,0.018174343617647082
20000,5,gauss,conf_lin,0.6,500146,hsic,0.0009488449954282032
20000,5,gauss,conf_lin,0.6,500147,k1,0.004041023788525111
20000,5,gauss,conf_lin,0.6,500147,k2,0.022836237831765235
20000,5,gauss,conf_lin,0.6,500147,hsic,0.0003364881804792601
20000,5,gauss,conf_lin,0.6,500148,k1,0.007345071718155793
20000,5,gauss,conf_lin,0.6,500148,k2,0.024073399373052064
20000,5,gauss,conf_lin,0.6,500148,hsic,0.00016639665790415368
20000,5,gauss,conf_lin,0.6,500149,k1,0.0033043797003715625
20000,5,gauss,conf_lin,0.6,500149,k2,0.03366018134218504
20000,5,gauss,conf_lin,0.6,500149,hsic,0.0014426703951474903
20000,5,gauss,conf_lin,0.6,500150,k1,0.00710400963305069
20000,5,gauss,conf_lin,0.6,500150,k2,0.039401109880159775
20000,5,gauss,conf_lin,0.6,500150,hsic,0.0013938866223583985
20000,5,gauss,conf_lin,0.6,500151,k1,0.002490266686117293
20000,5,gauss,conf_lin,0.6,500151,k2,0.015145166178691008
20000,5,gauss,conf_lin,0.6,500151,hsic,0.0024778028061696127
20000,5,gauss,conf_lin,0.6,500152,k1,0.007735794043041144
20000,5,gauss,conf_lin,0.6,500152,k2,0.02417262237332732
20000,5,gauss,conf_lin,0.6,500152,hsic,0.0011431768836962402
20000,5,gauss,conf_lin,0.6,500153,k1,0.004238661220490991
20000,5,gauss,conf_lin,0.6,500153,k2,0.018610750953640905
20000,5,gauss,conf_lin,0.6,500153,hsic,0.0005243983882482892
20000,5,gauss,conf_lin,0.6,500154,k1,0.010225437096064827
20000,5,gauss,conf_lin,0.6,500154,k2,0.02620724574383068
20000,5,gauss,conf_lin,0.6,500154,hsic,0.0018633871653325016
20000,5,gauss,conf_lin,0.6,500155,k1,0.013127639119287382
20000,5,gauss,conf_lin,0.6,500155,k2,0.020630344636702297
20000,5,gauss,conf_lin,0.6,500155,hsic,0.001973530651841208
20000,5,gauss,conf_lin,0.6,500156,k1,0.005162258580143075
20000,5,gauss,conf_lin,0.6,500156,k2,0.04611591451634573
20000,5,gauss,conf_lin,0.6,500156,hsic,0.0006409662489223109
20000,5,gauss,conf_lin,0.6,500157,k1,0.005381496010129716
20000,5,gauss,conf_lin,0.6,500157,k2,0.04142203648764738
20000,5,gauss,conf_lin,0.6,500157,hsic,0.0010838588552554548
20000,5,gauss,conf_lin,0.6,500158,k1,0.003925750841833997
20000,5,gauss,conf_lin,0.6,500158,k2,0.021442845051088195
20000,5,gauss,conf_lin,0.6,500158,hsic,0.002219593508716968
20000,5,gauss,conf_lin,0.6,500159,k1,0.006259532481974861
20000,5,gauss,conf_lin,0.6,500159,k2,0.02967766602458246
20000,5,gauss,conf_lin,0.6,500159,hsic,0.0011104255633126111
20000,5,gauss,conf_lin,0.6,500160,k1,0.0046059756633256566
20000,5,gauss,conf_lin,0.6,500160,k2,0.07789748096556098
20000,5,gauss,conf_lin,0.6,500160,hsic,0.003056268694062399
20000,5,gauss,conf_lin,0.6,500161,k1,0.007052243460329843
20000,5,gauss,conf_lin,0.6,500161,k2,0.07804130461835858
20000,5,gauss,conf_lin,0.6,500161,hsic,0.0005855985374939441
20000,5,gauss,conf_lin,0.6,500162,k1,0.003521162986842463
20000,5,gauss,conf_lin,0.6,500162,k2,0.05856312358836932
20000,5,gauss,conf_lin,0.6,500162,hsic,0.0007042374040205511
20000,5,gauss,conf_lin,0.6,500163,k1,0.008795210142718446
20000,5,gauss,conf_lin,0.6,500163,k2,0.07439289273620786
20000,5,gauss,conf_lin,0.6,500163,hsic,0.0004892737616796645
20000,5,gauss,conf_lin,0.6,500164,k1,0.0054574403460923016
20000,5,gauss,conf_lin,0.6,500164,k2,0.026306661683116996
20000,5,gauss,conf_lin,0.6,500164,hsic,0.000830548875031506
20000,5,gauss,conf_lin,0.6,500165,k1,0.009541819851999311
20000,5,gauss,conf_lin,0.6,500165,k2,0.0459138359773599
20000,5,gauss,conf_lin,0.6,500165,hsic,0.0005820510736545018
20000,5,gauss,conf_lin,0.6,500166,k1,0.010460402214873432
20000,5,gauss,conf_lin,0.6,500166,k2,0.02276469040776786
20000,5,gauss,conf_lin,0.6,500166,hsic,0.002410230181771627
20000,5,gauss,conf_lin,0.6,500167,k1,0.008903038665704521
20000,5,gauss,conf_lin,0.6,500167,k2,0.0215771256953069
20000,5,gauss,conf_lin,0.6,500167,hsic,0.00035925509172041463
20000,5,gauss,conf_lin,0.6,500168,k1,0.005255832930513904
20000,5,gauss,conf_lin,0.6,500168,k2,0.026729127796406543
20000,5,gauss,conf_lin,0.6,500168,hsic,0.0015990759642176215
20000,5,gauss,conf_lin,0.6,500169,k1,0.00642891915616961
20000,5,gauss,conf_lin,0.6,500169,k2,0.04174292883059666
20000,5,gauss,conf_lin,0.6,500169,hsic,0.00033184469964972306
20000,5,gauss,conf_lin,0.6,500170,k1,0.004840103834725329
20000,5,gauss,conf_lin,0.6,500170,k2,0.039590574962282486
20000,5,gauss,conf_lin,0.6,500170,hsic,0.0004762646575429834
20000,5,gauss,conf_lin,0.6,500171,k1,0.004692391726461076
20000,5,gauss,conf_lin,0.6,500171,k2,0.02011099864862559
20000,5,gauss,conf_lin,0.6,500171,hsic,2.0955647724872316e-05
20000,5,gauss,conf_lin,0.6,500172,k1,0.007753679974672467
20000,5,gauss,conf_lin,0.6,500172,k2,0.05261833882573428
20000,5,gauss,conf_lin,0.6,500172,hsic,0.0003107274277987069
20000,5,gauss,conf_lin,0.6,500173,k1,0.0052528181338658
20000,5,gauss,conf_lin,0.6,500173,k2,0.04665706251895564
20000,5,gauss,conf_lin,0.6,500173,hsic,0.00019183987081255408
20000,5,gauss,conf_lin,0.6,500174,k1,0.003386117526871013
20000,5,gauss,conf_lin,0.6,500174,k2,0.016776466597417786
20000,5,gauss,conf_lin,0.6,500174,hsic,0.000880682078013918
20000,5,gauss,conf_lin,0.6,500175,k1,0.004517690687254272
20000,5,gauss,conf_lin,0.6,500175,k2,0.04279253248737174
20000,5,gauss,conf_lin,0.6,500175,hsic,0.0013176024983019372
20000,5,gauss,conf_lin,0.6,500176,k1,0.004446864927649008
20000,5,gauss,conf_lin,0.6,500176,k2,0.04926284165647517
20000,5,gauss,conf_lin,0.6,500176,hsic,0.000541769399282313
20000,5,gauss,conf_lin,0.6,500177,k1,0.004050320494821125
20000,5,gauss,conf_lin,0.6,500177,k2,0.05836124785095299
20000,5,gauss,conf_lin,0.6,500177,hsic,0.00034957152879373234
20000,5,gauss,conf_lin,0.6,500178,k1,0.004568464266681227
20000,5,gauss,conf_lin,0.6,500178,k2,0.05292109816505429
20000,5,gauss,conf_lin,0.6,500178,hsic,0.000559439995443505
20000,5,gauss,conf_lin,0.6,500179,k1,0.004258877319910481
20000,5,gauss,conf_lin,0.6,500179,k2,0.05461538906192404
20000,5,gauss,conf_lin,0.6,500179,hsic,0.001469037825822521
20000,5,gauss,conf_lin,0.6,500180,k1,0.005889595413923754
20000,5,gauss,conf_lin,0.6,500180,k2,0.02024135787260412
20000,5,gauss,conf_lin,0.6,500180,hsic,0.0003502075533584699
20000,5,gauss,conf_lin,0.6,500181,k1,0.0069777151925852765
20000,5,gauss,conf_lin,0.6,500181,k2,0.02336921439214206
20000,5,gauss,conf_lin,0.6,500181,hsic,0.0012906839963816655
20000,5,gauss,conf_lin,0.6,500182,k1,0.005864036114029525
20000,5,gauss,conf_lin,0.6,500182,k2,0.027267401675512434
20000,5,gauss,conf_lin,0.6,500182,hsic,0.0007238146289334082
20000,5,gauss,conf_lin,0.6,500183,k1,0.008716121092693818
20000,5,gauss,conf_lin,0.6,500183,k2,0.0297642674047135
20000,5,gauss,conf_lin,0.6,500183,hsic,0.0004978187457532951
20000,5,gauss,conf_lin,0.6,500184,k1,0.006146447397165522
20000,5,gauss,conf_lin,0.6,500184,k2,0.033982060788090074
20000,5,gauss,conf_lin,0.6,500184,hsic,0.0007286507060914244
20000,5,gauss,conf_lin,0.6,500185,k1,0.0049018830305163075
20000,5,gauss,conf_lin,0.6,500185,k2,0.0355791303933024
20000,5,gauss,conf_lin,0.6,500185,hsic,0.001874578436704791
20000,5,gauss,conf_lin,0.6,500186,k1,0.007564494418555556
20000,5,gauss,conf_lin,0.6,500186,k2,0.04307237343135454
20000,5,gauss,conf_lin,0.6,500186,hsic,9.104379620115004e-05
20000,5,gauss,conf_lin,0.6,500187,k1,0.004558251132206204
20000,5,gauss,conf_lin,0.6,500187,k2,0.07209346753839559
20000,5,gauss,conf_lin,0.6,500187,hsic,0.000423924628020406
20000,5,gauss,conf_lin,0.6,500188,k1,0.003397636403804416
20000,5,gauss,conf_lin,0.6,500188,k2,0.02692430370566642
20000,5,gauss,conf_lin,0.6,500188,hsic,0.0008314388398311951
20000,5,gauss,conf_lin,0.6,500189,k1,0.006330561085216568
20000,5,gauss,conf_lin,0.6,500189,k2,0.03946634612952969
20000,5,gauss,conf_lin,0.6,500189,hsic,0.00046145076288538043
20000,5,gauss,conf_lin,0.6,500190,k1,0.007133667512791653
20000,5,gauss,conf_lin,0.6,500190,k2,0.05456787902094845
20000,5,gauss,conf_lin,0.6,500190,hsic,0.0002592210541252615
20000,5,gauss,conf_lin,0.6,500191,k1,0.009691232080870193
20000,5,gauss,conf_lin,0.6,500191,k2,0.027536514283255195
20000,5,gauss,conf_lin,0.6,500191,hsic,0.0014188484744531145
20000,5,gauss,conf_lin,0.6,500192,k1,0.00860097779865654
20000,5,gauss,conf_lin,0.6,500192,k2,0.0432502997973851
20000,5,gauss,conf_lin,0.6,500192,hsic,0.001718449282185307
20000,5,gauss,conf_lin,0.6,500193,k1,0.009038509900604175
20000,5,gauss,conf_lin,0.6,500193,k2,0.027226511122984166
20000,5,gauss,conf_lin,0.6,500193,hsic,0.0011024431596530426
20000,5,gauss,conf_lin,0.6,500194,k1,0.009959254593737588
20000,5,gauss,conf_lin,0.6,500194,k2,0.03958160699399558
20000,5,gauss,conf_lin,0.6,500194,hsic,0.0005212177447955281
20000,5,gauss,conf_lin,0.6,500195,k1,0.0044146457875970935
20000,5,gauss,conf_lin,0.6,500195,k2,0.02453186804623776
20000,5,gauss,conf_lin,0.6,500195,hsic,0.0006418915529318342
20000,5,gauss,conf_lin,0.6,500196,k1,0.010332103003682702
20000,5,gauss,conf_lin,0.6,500196,k2,0.026675821315421906
20000,5,gauss,conf_lin,0.6,500196,hsic,0.0002463282504227891
20000,5,gauss,conf_lin,0.6,500197,k1,0.004319875193141809
20000,5,gauss,conf_lin,0.6,500197,k2,0.023369210453846156
20000,5,gauss,conf_lin,0.6,500197,hsic,0.0008320159703343677
20000,5,gauss,conf_lin,0.6,500198,k1,0.00564699401377311
20000,5,gauss,conf_lin,0.6,500198,k2,0.033240636930761944
20000,5,gauss,conf_lin,0.6,500198,hsic,0.0006387943412031738
20000,5,gauss,conf_lin,0.6,500199,k1,0.006321678913192685
20000,5,gauss,conf_lin,0.6,500199,k2,0.06501802299283115
20000,5,gauss,conf_lin,0.6,500199,hsic,0.000389851407212117
