kind,noise,n,d,b,method,power,n_reps,null_size,advantage,power_hsic
conf_lin,gauss,2000,2,0.2,hsic,0.015,200,0.0,0.015,0.015
conf_lin,gauss,2000,2,0.2,k1,0.0,200,0.0,0.0,0.015
conf_lin,gauss,2000,2,0.2,k2,0.015,200,0.015,0.0,0.015
conf_lin,gauss,2000,2,0.4,hsic,0.015,200,0.0,0.015,0.015
conf_lin,gauss,2000,2,0.4,k1,0.0,200,0.0,0.0,0.015
conf_lin,gauss,2000,2,0.4,k2,0.015,200,0.015,0.0,0.015
conf_lin,gauss,2000,2,0.6,hsic,0.015,200,0.0,0.015,0.015
conf_lin,gauss,2000,2,0.6,k1,0.0,200,0.0,0.0,0.015
conf_lin,gauss,2000,2,0.6,k2,0.015,200,0.015,0.0,0.015
conf_lin,gauss,2000,2,0.8,hsic,0.015,200,0.0,0.015,0.015
conf_lin,gauss,2000,2,0.8,k1,0.0,200,0.0,0.0,0.015
conf_lin,gauss,2000,2,0.8,k2,0.015,200,0.015,0.0,0.015
conf_lin,gauss,2000,3,0.2,hsic,0.015,200,0.0,0.015,0.015
conf_lin,gauss,2000,3,0.2,k1,0.0,200,0.0,0.0,0.015
conf_lin,gauss,2000,3,0.2,k2,0.015,200,0.015,0.0,0.015
conf_lin,gauss,2000,3,0.4,hsic,0.015,200,0.0,0.015,0.015
conf_lin,gauss,2000,3,0.4,k1,0.0,200,0.0,0.0,0.015
conf_lin,gauss,2000,3,0.4,k2,0.015,200,0.015,0.0,0.015
conf_lin,gauss,2000,3,0.6,hsic,0.015,200,0.0,0.015,0.015
conf_lin,gauss,2000,3,0.6,k1,0.0,200,0.0,0.0,0.015
conf_lin,gauss,2000,3,0.6,k2,0.015,200,0.015,0.0,0.015
conf_lin,gauss,2000,3,0.8,hsic,0.015,200,0.0,0.015,0.015
conf_lin,gauss,2000,3,0.8,k1,0.0,200,0.0,0.0,0.015
conf_lin,gauss,2000,3,0.8,k2,0.015,200,0.015,0.0,0.015
conf_lin,gauss,2000,5,0.2,hsic,0.015,200,0.0,0.015,0.015
conf_lin,gauss,2000,5,0.2,k1,0.0,200,0.0,0.0,0.015
conf_lin,gauss,2000,5,0.2,k2,0.015,200,0.015,0.0,0.015
conf_lin,gauss,2000,5,0.4,hsic,0.015,200,0.0,0.015,0.015
conf_lin,gauss,2000,5,0.4,k1,0.0,200,0.0,0.0,0.015
conf_lin,gauss,2000,5,0.4,k2,0.015,200,0.015,0.0,0.015
conf_lin,gauss,2000,5,0.6,hsic,0.015,200,0.0,0.015,0.015
conf_lin,gauss,2000,5,0.6,k1,0.0,200,0.0,0.0,0.015
conf_lin,gauss,2000,5,0.6,k2,0.015,200,0.015,0.0,0.015
conf_lin,gauss,2000,5,0.8,hsic,0.015,200,0.0,0.015,0.015
conf_lin,gauss,2000,5,0.8,k1,0.0,200,0.0,0.0,0.015
conf_lin,gauss,2000,5,0.8,k2,0.015,200,0.015,0.0,0.015
conf_lin,gauss,8000,2,0.2,hsic,0.01,200,0.0,0.01,0.01
conf_lin,gauss,8000,2,0.2,k1,0.0,200,0.0,0.0,0.01
conf_lin,gauss,8000,2,0.2,k2,0.0,200,0.015,-0.015,0.01
conf_lin,gauss,8000,2,0.4,hsic,0.01,200,0.0,0.01,0.01
conf_lin,gauss,8000,2,0.4,k1,0.0,200,0.0,0.0,0.01
conf_lin,gauss,8000,2,0.4,k2,0.0,200,0.015,-0.015,0.01
conf_lin,gauss,8000,2,0.6,hsic,0.01,200,0.0,0.01,0.01
conf_lin,gauss,8000,2,0.6,k1,0.0,200,0.0,0.0,0.01
conf_lin,gauss,8000,2,0.6,k2,0.0,200,0.015,-0.015,0.01
conf_lin,gauss,8000,2,0.8,hsic,0.01,200,0.0,0.01,0.01
conf_lin,gauss,8000,2,0.8,k1,0.0,200,0.0,0.0,0.01
conf_lin,gauss,8000,2,0.8,k2,0.0,200,0.015,-0.015,0.01
conf_lin,gauss,8000,3,0.2,hsic,0.01,200,0.0,0.01,0.01
conf_lin,gauss,8000,3,0.2,k1,0.0,200,0.0,0.0,0.01
conf_lin,gauss,8000,3,0.2,k2,0.0,200,0.015,-0.015,0.01
conf_lin,gauss,8000,3,0.4,hsic,0.01,200,0.0,0.01,0.01
conf_lin,gauss,8000,3,0.4,k1,0.0,200,0.0,0.0,0.01
conf_lin,gauss,8000,3,0.4,k2,0.0,200,0.015,-0.015,0.01
conf_lin,gauss,8000,3,0.6,hsic,0.01,200,0.0,0.01,0.01
conf_lin,gauss,8000,3,0.6,k1,0.0,200,0.0,0.0,0.01
conf_lin,gauss,8000,3,0.6,k2,0.0,200,0.015,-0.015,0.01
conf_lin,gauss,8000,3,0.8,hsic,0.01,200,0.0,0.01,0.01
conf_lin,gauss,8000,3,0.8,k1,0.0,200,0.0,0.0,0.01
conf_lin,gauss,8000,3,0.8,k2,0.0,200,0.015,-0.015,0.01
conf_lin,gauss,8000,5,0.2,hsic,0.01,200,0.0,0.01,0.01
conf_lin,gauss,8000,5,0.2,k1,0.0,200,0.0,0.0,0.01
conf_lin,gauss,8000,5,0.2,k2,0.0,200,0.015,-0.015,0.01
conf_lin,gauss,8000,5,0.4,hsic,0.01,200,0.0,0.01,0.01
conf_lin,gauss,8000,5,0.4,k1,0.0,200,0.0,0.0,0.01
conf_lin,gauss,8000,5,0.4,k2,0.0,200,0.015,-0.015,0.01
conf_lin,gauss,8000,5,0.6,hsic,0.01,200,0.0,0.01,0.01
conf_lin,gauss,8000,5,0.6,k1,0.0,200,0.0,0.0,0.01
conf_lin,gauss,8000,5,0.6,k2,0.0,200,0.015,-0.015,0.01
conf_lin,gauss,8000,5,0.8,hsic,0.01,200,0.0,0.01,0.01
conf_lin,gauss,8000,5,0.8,k1,0.0,200,0.0,0.0,0.01
conf_lin,gauss,8000,5,0.8,k2,0.0,200,0.015,-0.015,0.01
conf_lin,gauss,20000,2,0.2,hsic,0.005,200,0.0,0.005,0.005
conf_lin,gauss,20000,2,0.2,k1,0.02,200,0.01,0.01,0.005
conf_lin,gauss,20000,2,0.2,k2,0.02,200,0.015,0.005000000000000001,0.005
conf_lin,gauss,20000,2,0.4,hsic,0.005,200,0.0,0.005,0.005
conf_lin,gauss,20000,2,0.4,k1,0.02,200,0.01,0.01,0.005
conf_lin,gauss,20000,2,0.4,k2,0.02,200,0.015,0.005000000000000001,0.005
conf_lin,gauss,20000,2,0.6,hsic,0.0,200,0.0,0.0,0.0
conf_lin,gauss,20000,2,0.6,k1,0.02,200,0.01,0.01,0.0
conf_lin,gauss,20000,2,0.6,k2,0.02,200,0.015,0.005000000000000001,0.0
conf_lin,gauss,20000,2,0.8,hsic,0.0,200,0.0,0.0,0.0
conf_lin,gauss,20000,2,0.8,k1,0.02,200,0.01,0.01,0.0
conf_lin,gauss,20000,2,0.8,k2,0.02,200,0.015,0.005000000000000001,0.0
conf_lin,gauss,20000,3,0.2,hsic,0.005,200,0.0,0.005,0.005
conf_lin,gauss,20000,3,0.2,k1,0.02,200,0.01,0.01,0.005
conf_lin,gauss,20000,3,0.2,k2,0.02,200,0.015,0.005000000000000001,0.005
conf_lin,gauss,20000,3,0.4,hsic,0.005,200,0.0,0.005,0.005
conf_lin,gauss,20000,3,0.4,k1,0.02,200,0.01,0.01,0.005
conf_lin,gauss,20000,3,0.4,k2,0.02,200,0.015,0.005000000000000001,0.005
conf_lin,gauss,20000,3,0.6,hsic,0.0,200,0.0,0.0,0.0
conf_lin,gauss,20000,3,0.6,k1,0.02,200,0.01,0.01,0.0
conf_lin,gauss,20000,3,0.6,k2,0.02,200,0.015,0.005000000000000001,0.0
conf_lin,gauss,20000,3,0.8,hsic,0.0,200,0.0,0.0,0.0
conf_lin,gauss,20000,3,0.8,k1,0.02,200,0.01,0.01,0.0
conf_lin,gauss,20000,3,0.8,k2,0.02,200,0.015,0.005000000000000001,0.0
conf_lin,gauss,20000,5,0.2,hsic,0.005,200,0.0,0.005,0.005
conf_lin,gauss,20000,5,0.2,k1,0.02,200,0.01,0.01,0.005
conf_lin,gauss,20000,5,0.2,k2,0.02,200,0.015,0.005000000000000001,0.005
conf_lin,gauss,20000,5,0.4,hsic,0.005,200,0.0,0.005,0.005
conf_lin,gauss,20000,5,0.4,k1,0.02,200,0.01,0.01,0.005
conf_lin,gauss,20000,5,0.4,k2,0.02,200,0.015,0.005000000000000001,0.005
conf_lin,gauss,20000,5,0.6,hsic,0.0,200,0.0,0.0,0.0
conf_lin,gauss,20000,5,0.6,k1,0.02,200,0.01,0.01,0.0
conf_lin,gauss,20000,5,0.6,k2,0.02,200,0.015,0.005000000000000001,0.0
conf_lin,gauss,20000,5,0.8,hsic,0.0,200,0.0,0.0,0.0
conf_lin,gauss,20000,5,0.8,k1,0.02,200,0.01,0.01,0.0
conf_lin,gauss,20000,5,0.8,k2,0.02,200,0.015,0.005000000000000001,0.0
conf_lin,t3,2000,2,0.2,hsic,0.14,200,0.0,0.14,0.14
conf_lin,t3,2000,2,0.2,k1,0.0,200,0.005,-0.005,0.14
conf_lin,t3,2000,2,0.2,k2,0.035,200,0.075,-0.039999999999999994,0.14
conf_lin,t3,2000,2,0.4,hsic,0.155,200,0.0,0.155,0.155
conf_lin,t3,2000,2,0.4,k1,0.0,200,0.005,-0.005,0.155
conf_lin,t3,2000,2,0.4,k2,0.035,200,0.075,-0.039999999999999994,0.155
conf_lin,t3,2000,2,0.6,hsic,0.17,200,0.0,0.17,0.17
conf_lin,t3,2000,2,0.6,k1,0.0,200,0.005,-0.005,0.17
conf_lin,t3,2000,2,0.6,k2,0.035,200,0.075,-0.039999999999999994,0.17
conf_lin,t3,2000,2,0.8,hsic,0.175,200,0.0,0.175,0.175
conf_lin,t3,2000,2,0.8,k1,0.0,200,0.005,-0.005,0.175
conf_lin,t3,2000,2,0.8,k2,0.035,200,0.075,-0.039999999999999994,0.175
conf_lin,t3,2000,3,0.2,hsic,0.14,200,0.0,0.14,0.14
conf_lin,t3,2000,3,0.2,k1,0.0,200,0.005,-0.005,0.14
conf_lin,t3,2000,3,0.2,k2,0.035,200,0.075,-0.039999999999999994,0.14
conf_lin,t3,2000,3,0.4,hsic,0.155,200,0.0,0.155,0.155
conf_lin,t3,2000,3,0.4,k1,0.0,200,0.005,-0.005,0.155
conf_lin,t3,2000,3,0.4,k2,0.035,200,0.075,-0.039999999999999994,0.155
conf_lin,t3,2000,3,0.6,hsic,0.17,200,0.0,0.17,0.17
conf_lin,t3,2000,3,0.6,k1,0.0,200,0.005,-0.005,0.17
conf_lin,t3,2000,3,0.6,k2,0.035,200,0.075,-0.039999999999999994,0.17
conf_lin,t3,2000,3,0.8,hsic,0.175,200,0.0,0.175,0.175
conf_lin,t3,2000,3,0.8,k1,0.0,200,0.005,-0.005,0.175
conf_lin,t3,2000,3,0.8,k2,0.035,200,0.075,-0.039999999999999994,0.175
conf_lin,t3,2000,5,0.2,hsic,0.14,200,0.0,0.14,0.14
conf_lin,t3,2000,5,0.2,k1,0.0,200,0.005,-0.005,0.14
conf_lin,t3,2000,5,0.2,k2,0.035,200,0.075,-0.039999999999999994,0.14
conf_lin,t3,2000,5,0.4,hsic,0.155,200,0.0,0.155,0.155
conf_lin,t3,2000,5,0.4,k1,0.0,200,0.005,-0.005,0.155
conf_lin,t3,2000,5,0.4,k2,0.035,200,0.075,-0.039999999999999994,0.155
conf_lin,t3,2000,5,0.6,hsic,0.17,200,0.0,0.17,0.17
conf_lin,t3,2000,5,0.6,k1,0.0,200,0.005,-0.005,0.17
conf_lin,t3,2000,5,0.6,k2,0.035,200,0.075,-0.039999999999999994,0.17
conf_lin,t3,2000,5,0.8,hsic,0.175,200,0.0,0.175,0.175
conf_lin,t3,2000,5,0.8,k1,0.0,200,0.005,-0.005,0.175
conf_lin,t3,2000,5,0.8,k2,0.035,200,0.075,-0.039999999999999994,0.175
conf_lin,t3,8000,2,0.2,hsic,0.145,200,0.0,0.145,0.145
conf_lin,t3,8000,2,0.2,k1,0.045,200,0.01,0.034999999999999996,0.145
conf_lin,t3,8000,2,0.2,k2,0.055,200,0.13,-0.07500000000000001,0.145
conf_lin,t3,8000,2,0.4,hsic,0.155,200,0.0,0.155,0.155
conf_lin,t3,8000,2,0.4,k1,0.045,200,0.01,0.034999999999999996,0.155
conf_lin,t3,8000,2,0.4,k2,0.055,200,0.13,-0.07500000000000001,0.155
conf_lin,t3,8000,2,0.6,hsic,0.165,200,0.0,0.165,0.165
conf_lin,t3,8000,2,0.6,k1,0.045,200,0.01,0.034999999999999996,0.165
conf_lin,t3,8000,2,0.6,k2,0.055,200,0.13,-0.07500000000000001,0.165
conf_lin,t3,8000,2,0.8,hsic,0.17,200,0.0,0.17,0.17
conf_lin,t3,8000,2,0.8,k1,0.045,200,0.01,0.034999999999999996,0.17
conf_lin,t3,8000,2,0.8,k2,0.055,200,0.13,-0.07500000000000001,0.17
conf_lin,t3,8000,3,0.2,hsic,0.145,200,0.0,0.145,0.145
conf_lin,t3,8000,3,0.2,k1,0.045,200,0.01,0.034999999999999996,0.145
conf_lin,t3,8000,3,0.2,k2,0.055,200,0.13,-0.07500000000000001,0.145
conf_lin,t3,8000,3,0.4,hsic,0.155,200,0.0,0.155,0.155
conf_lin,t3,8000,3,0.4,k1,0.045,200,0.01,0.034999999999999996,0.155
conf_lin,t3,8000,3,0.4,k2,0.055,200,0.13,-0.07500000000000001,0.155
conf_lin,t3,8000,3,0.6,hsic,0.165,200,0.0,0.165,0.165
conf_lin,t3,8000,3,0.6,k1,0.045,200,0.01,0.034999999999999996,0.165
conf_lin,t3,8000,3,0.6,k2,0.055,200,0.13,-0.07500000000000001,0.165
conf_lin,t3,8000,3,0.8,hsic,0.17,200,0.0,0.17,0.17
conf_lin,t3,8000,3,0.8,k1,0.045,200,0.01,0.034999999999999996,0.17
conf_lin,t3,8000,3,0.8,k2,0.055,200,0.13,-0.07500000000000001,0.17
conf_lin,t3,8000,5,0.2,hsic,0.145,200,0.0,0.145,0.145
conf_lin,t3,8000,5,0.2,k1,0.045,200,0.01,0.034999999999999996,0.145
conf_lin,t3,8000,5,0.2,k2,0.055,200,0.13,-0.07500000000000001,0.145
conf_lin,t3,8000,5,0.4,hsic,0.155,200,0.0,0.155,0.155
conf_lin,t3,8000,5,0.4,k1,0.045,200,0.01,0.034999999999999996,0.155
conf_lin,t3,8000,5,0.4,k2,0.055,200,0.13,-0.07500000000000001,0.155
conf_lin,t3,8000,5,0.6,hsic,0.165,200,0.0,0.165,0.165
conf_lin,t3,8000,5,0.6,k1,0.045,200,0.01,0.034999999999999996,0.165
conf_lin,t3,8000,5,0.6,k2,0.055,200,0.13,-0.07500000000000001,0.165
conf_lin,t3,8000,5,0.8,hsic,0.17,200,0.0,0.17,0.17
conf_lin,t3,8000,5,0.8,k1,0.045,200,0.01,0.034999999999999996,0.17
conf_lin,t3,8000,5,0.8,k2,0.055,200,0.13,-0.07500000000000001,0.17
conf_lin,t3,20000,2,0.2,hsic,0.165,200,0.0,0.165,0.165
conf_lin,t3,20000,2,0.2,k1,0.1,200,0.025,0.07500000000000001,0.165
conf_lin,t3,20000,2,0.2,k2,0.035,200,0.13,-0.095,0.165
conf_lin,t3,20000,2,0.4,hsic,0.175,200,0.0,0.175,0.175
conf_lin,t3,20000,2,0.4,k1,0.1,200,0.025,0.07500000000000001,0.175
conf_lin,t3,20000,2,0.4,k2,0.035,200,0.13,-0.095,0.175
conf_lin,t3,20000,2,0.6,hsic,0.175,200,0.0,0.175,0.175
conf_lin,t3,20000,2,0.6,k1,0.1,200,0.025,0.07500000000000001,0.175
conf_lin,t3,20000,2,0.6,k2,0.035,200,0.13,-0.095,0.175
conf_lin,t3,20000,2,0.8,hsic,0.195,200,0.0,0.195,0.195
conf_lin,t3,20000,2,0.8,k1,0.1,200,0.025,0.07500000000000001,0.195
conf_lin,t3,20000,2,0.8,k2,0.035,200,0.13,-0.095,0.195
conf_lin,t3,20000,3,0.2,hsic,0.165,200,0.0,0.165,0.165
conf_lin,t3,20000,3,0.2,k1,0.1,200,0.025,0.07500000000000001,0.165
conf_lin,t3,20000,3,0.2,k2,0.035,200,0.13,-0.095,0.165
conf_lin,t3,20000,3,0.4,hsic,0.175,200,0.0,0.175,0.175
conf_lin,t3,20000,3,0.4,k1,0.1,200,0.025,0.07500000000000001,0.175
conf_lin,t3,20000,3,0.4,k2,0.035,200,0.13,-0.095,0.175
conf_lin,t3,20000,3,0.6,hsic,0.175,200,0.0,0.175,0.175
conf_lin,t3,20000,3,0.6,k1,0.1,200,0.025,0.07500000000000001,0.175
conf_lin,t3,20000,3,0.6,k2,0.035,200,0.13,-0.095,0.175
conf_lin,t3,20000,3,0.8,hsic,0.195,200,0.0,0.195,0.195
conf_lin,t3,20000,3,0.8,k1,0.1,200,0.025,0.07500000000000001,0.195
conf_lin,t3,20000,3,0.8,k2,0.035,200,0.13,-0.095,0.195
conf_lin,t3,20000,5,0.2,hsic,0.165,200,0.0,0.165,0.165
conf_lin,t3,20000,5,0.2,k1,0.1,200,0.025,0.07500000000000001,0.165
conf_lin,t3,20000,5,0.2,k2,0.035,200,0.13,-0.095,0.165
conf_lin,t3,20000,5,0.4,hsic,0.175,200,0.0,0.175,0.175
conf_lin,t3,20000,5,0.4,k1,0.1,200,0.025,0.07500000000000001,0.175
conf_lin,t3,20000,5,0.4,k2,0.035,200,0.13,-0.095,0.175
conf_lin,t3,20000,5,0.6,hsic,0.175,200,0.0,0.175,0.175
conf_lin,t3,20000,5,0.6,k1,0.1,200,0.025,0.07500000000000001,0.175
conf_lin,t3,20000,5,0.6,k2,0.035,200,0.13,-0.095,0.175
conf_lin,t3,20000,5,0.8,hsic,0.195,200,0.0,0.195,0.195
conf_lin,t3,20000,5,0.8,k1,0.1,200,0.025,0.07500000000000001,0.195
conf_lin,t3,20000,5,0.8,k2,0.035,200,0.13,-0.095,0.195
conf_nonlin,gauss,2000,2,0.2,hsic,0.715,200,0.0,0.715,0.715
conf_nonlin,gauss,2000,2,0.2,k1,0.0,200,0.0,0.0,0.715
conf_nonlin,gauss,2000,2,0.2,k2,0.07,200,0.015,0.05500000000000001,0.715
conf_nonlin,gauss,2000,2,0.4,hsic,0.71,200,0.0,0.71,0.71
conf_nonlin,gauss,2000,2,0.4,k1,0.0,200,0.0,0.0,0.71
conf_nonlin,gauss,2000,2,0.4,k2,0.07,200,0.015,0.05500000000000001,0.71
conf_nonlin,gauss,2000,2,0.6,hsic,0.695,200,0.0,0.695,0.695
conf_nonlin,gauss,2000,2,0.6,k1,0.0,200,0.0,0.0,0.695
conf_nonlin,gauss,2000,2,0.6,k2,0.07,200,0.015,0.05500000000000001,0.695
conf_nonlin,gauss,2000,2,0.8,hsic,0.675,200,0.0,0.675,0.675
conf_nonlin,gauss,2000,2,0.8,k1,0.0,200,0.0,0.0,0.675
conf_nonlin,gauss,2000,2,0.8,k2,0.07,200,0.015,0.05500000000000001,0.675
conf_nonlin,gauss,2000,3,0.2,hsic,0.715,200,0.0,0.715,0.715
conf_nonlin,gauss,2000,3,0.2,k1,0.0,200,0.0,0.0,0.715
conf_nonlin,gauss,2000,3,0.2,k2,0.07,200,0.015,0.05500000000000001,0.715
conf_nonlin,gauss,2000,3,0.4,hsic,0.71,200,0.0,0.71,0.71
conf_nonlin,gauss,2000,3,0.4,k1,0.0,200,0.0,0.0,0.71
conf_nonlin,gauss,2000,3,0.4,k2,0.07,200,0.015,0.05500000000000001,0.71
conf_nonlin,gauss,2000,3,0.6,hsic,0.695,200,0.0,0.695,0.695
conf_nonlin,gauss,2000,3,0.6,k1,0.0,200,0.0,0.0,0.695
conf_nonlin,gauss,2000,3,0.6,k2,0.07,200,0.015,0.05500000000000001,0.695
conf_nonlin,gauss,2000,3,0.8,hsic,0.675,200,0.0,0.675,0.675
conf_nonlin,gauss,2000,3,0.8,k1,0.0,200,0.0,0.0,0.675
conf_nonlin,gauss,2000,3,0.8,k2,0.07,200,0.015,0.05500000000000001,0.675
conf_nonlin,gauss,2000,5,0.2,hsic,0.715,200,0.0,0.715,0.715
conf_nonlin,gauss,2000,5,0.2,k1,0.0,200,0.0,0.0,0.715
conf_nonlin,gauss,2000,5,0.2,k2,0.07,200,0.015,0.05500000000000001,0.715
conf_nonlin,gauss,2000,5,0.4,hsic,0.71,200,0.0,0.71,0.71
conf_nonlin,gauss,2000,5,0.4,k1,0.0,200,0.0,0.0,0.71
conf_nonlin,gauss,2000,5,0.4,k2,0.07,200,0.015,0.05500000000000001,0.71
conf_nonlin,gauss,2000,5,0.6,hsic,0.695,200,0.0,0.695,0.695
conf_nonlin,gauss,2000,5,0.6,k1,0.0,200,0.0,0.0,0.695
conf_nonlin,gauss,2000,5,0.6,k2,0.07,200,0.015,0.05500000000000001,0.695
conf_nonlin,gauss,2000,5,0.8,hsic,0.675,200,0.0,0.675,0.675
conf_nonlin,gauss,2000,5,0.8,k1,0.0,200,0.0,0.0,0.675
conf_nonlin,gauss,2000,5,0.8,k2,0.07,200,0.015,0.05500000000000001,0.675
conf_nonlin,gauss,8000,2,0.2,hsic,0.69,200,0.0,0.69,0.69
conf_nonlin,gauss,8000,2,0.2,k1,0.09,200,0.0,0.09,0.69
conf_nonlin,gauss,8000,2,0.2,k2,0.06,200,0.015,0.045,0.69
conf_nonlin,gauss,8000,2,0.4,hsic,0.68,200,0.0,0.68,0.68
conf_nonlin,gauss,8000,2,0.4,k1,0.09,200,0.0,0.09,0.68
conf_nonlin,gauss,8000,2,0.4,k2,0.06,200,0.015,0.045,0.68
conf_nonlin,gauss,8000,2,0.6,hsic,0.665,200,0.0,0.665,0.665
conf_nonlin,gauss,8000,2,0.6,k1,0.09,200,0.0,0.09,0.665
conf_nonlin,gauss,8000,2,0.6,k2,0.06,200,0.015,0.045,0.665
conf_nonlin,gauss,8000,2,0.8,hsic,0.615,200,0.0,0.615,0.615
conf_nonlin,gauss,8000,2,0.8,k1,0.09,200,0.0,0.09,0.615
conf_nonlin,gauss,8000,2,0.8,k2,0.06,200,0.015,0.045,0.615
conf_nonlin,gauss,8000,3,0.2,hsic,0.69,200,0.0,0.69,0.69
conf_nonlin,gauss,8000,3,0.2,k1,0.09,200,0.0,0.09,0.69
conf_nonlin,gauss,8000,3,0.2,k2,0.06,200,0.015,0.045,0.69
conf_nonlin,gauss,8000,3,0.4,hsic,0.68,200,0.0,0.68,0.68
conf_nonlin,gauss,8000,3,0.4,k1,0.09,200,0.0,0.09,0.68
conf_nonlin,gauss,8000,3,0.4,k2,0.06,200,0.015,0.045,0.68
conf_nonlin,gauss,8000,3,0.6,hsic,0.665,200,0.0,0.665,0.665
conf_nonlin,gauss,8000,3,0.6,k1,0.09,200,0.0,0.09,0.665
conf_nonlin,gauss,8000,3,0.6,k2,0.06,200,0.015,0.045,0.665
conf_nonlin,gauss,8000,3,0.8,hsic,0.615,200,0.0,0.615,0.615
conf_nonlin,gauss,8000,3,0.8,k1,0.09,200,0.0,0.09,0.615
conf_nonlin,gauss,8000,3,0.8,k2,0.06,200,0.015,0.045,0.615
conf_nonlin,gauss,8000,5,0.2,hsic,0.69,200,0.0,0.69,0.69
conf_nonlin,gauss,8000,5,0.2,k1,0.09,200,0.0,0.09,0.69
conf_nonlin,gauss,8000,5,0.2,k2,0.06,200,0.015,0.045,0.69
conf_nonlin,gauss,8000,5,0.4,hsic,0.68,200,0.0,0.68,0.68
conf_nonlin,gauss,8000,5,0.4,k1,0.09,200,0.0,0.09,0.68
conf_nonlin,gauss,8000,5,0.4,k2,0.06,200,0.015,0.045,0.68
conf_nonlin,gauss,8000,5,0.6,hsic,0.665,200,0.0,0.665,0.665
conf_nonlin,gauss,8000,5,0.6,k1,0.09,200,0.0,0.09,0.665
conf_nonlin,gauss,8000,5,0.6,k2,0.06,200,0.015,0.045,0.665
conf_nonlin,gauss,8000,5,0.8,hsic,0.615,200,0.0,0.615,0.615
conf_nonlin,gauss,8000,5,0.8,k1,0.09,200,0.0,0.09,0.615
conf_nonlin,gauss,8000,5,0.8,k2,0.06,200,0.015,0.045,0.615
conf_nonlin,gauss,20000,2,0.2,hsic,0.76,200,0.0,0.76,0.76
conf_nonlin,gauss,20000,2,0.2,k1,0.205,200,0.01,0.19499999999999998,0.76
conf_nonlin,gauss,20000,2,0.2,k2,0.33,200,0.015,0.315,0.76
conf_nonlin,gauss,20000,2,0.4,hsic,0.745,200,0.0,0.745,0.745
conf_nonlin,gauss,20000,2,0.4,k1,0.205,200,0.01,0.19499999999999998,0.745
conf_nonlin,gauss,20000,2,0.4,k2,0.33,200,0.015,0.315,0.745
conf_nonlin,gauss,20000,2,0.6,hsic,0.725,200,0.0,0.725,0.725
conf_nonlin,gauss,20000,2,0.6,k1,0.205,200,0.01,0.19499999999999998,0.725
conf_nonlin,gauss,20000,2,0.6,k2,0.33,200,0.015,0.315,0.725
conf_nonlin,gauss,20000,2,0.8,hsic,0.69,200,0.0,0.69,0.69
conf_nonlin,gauss,20000,2,0.8,k1,0.205,200,0.01,0.19499999999999998,0.69
conf_nonlin,gauss,20000,2,0.8,k2,0.33,200,0.015,0.315,0.69
conf_nonlin,gauss,20000,3,0.2,hsic,0.76,200,0.0,0.76,0.76
conf_nonlin,gauss,20000,3,0.2,k1,0.205,200,0.01,0.19499999999999998,0.76
conf_nonlin,gauss,20000,3,0.2,k2,0.33,200,0.015,0.315,0.76
conf_nonlin,gauss,20000,3,0.4,hsic,0.745,200,0.0,0.745,0.745
conf_nonlin,gauss,20000,3,0.4,k1,0.205,200,0.01,0.19499999999999998,0.745
conf_nonlin,gauss,20000,3,0.4,k2,0.33,200,0.015,0.315,0.745
conf_nonlin,gauss,20000,3,0.6,hsic,0.725,200,0.0,0.725,0.725
conf_nonlin,gauss,20000,3,0.6,k1,0.205,200,0.01,0.19499999999999998,0.725
conf_nonlin,gauss,20000,3,0.6,k2,0.33,200,0.015,0.315,0.725
conf_nonlin,gauss,20000,3,0.8,hsic,0.69,200,0.0,0.69,0.69
conf_nonlin,gauss,20000,3,0.8,k1,0.205,200,0.01,0.19499999999999998,0.69
conf_nonlin,gauss,20000,3,0.8,k2,0.33,200,0.015,0.315,0.69
conf_nonlin,gauss,20000,5,0.2,hsic,0.76,200,0.0,0.76,0.76
conf_nonlin,gauss,20000,5,0.2,k1,0.205,200,0.01,0.19499999999999998,0.76
conf_nonlin,gauss,20000,5,0.2,k2,0.33,200,0.015,0.315,0.76
conf_nonlin,gauss,20000,5,0.4,hsic,0.745,200,0.0,0.745,0.745
conf_nonlin,gauss,20000,5,0.4,k1,0.205,200,0.01,0.19499999999999998,0.745
conf_nonlin,gauss,20000,5,0.4,k2,0.33,200,0.015,0.315,0.745
conf_nonlin,gauss,20000,5,0.6,hsic,0.725,200,0.0,0.725,0.725
conf_nonlin,gauss,20000,5,0.6,k1,0.205,200,0.01,0.19499999999999998,0.725
conf_nonlin,gauss,20000,5,0.6,k2,0.33,200,0.015,0.315,0.725
conf_nonlin,gauss,20000,5,0.8,hsic,0.69,200,0.0,0.69,0.69
conf_nonlin,gauss,20000,5,0.8,k1,0.205,200,0.01,0.19499999999999998,0.69
conf_nonlin,gauss,20000,5,0.8,k2,0.33,200,0.015,0.315,0.69
conf_nonlin,t3,2000,2,0.2,hsic,0.095,200,0.0,0.095,0.095
conf_nonlin,t3,2000,2,0.2,k1,0.92,200,0.005,0.915,0.095
conf_nonlin,t3,2000,2,0.2,k2,0.38,200,0.075,0.305,0.095
conf_nonlin,t3,2000,2,0.4,hsic,0.09,200,0.0,0.09,0.09
conf_nonlin,t3,2000,2,0.4,k1,0.92,200,0.005,0.915,0.09
conf_nonlin,t3,2000,2,0.4,k2,0.38,200,0.075,0.305,0.09
conf_nonlin,t3,2000,2,0.6,hsic,0.09,200,0.0,0.09,0.09
conf_nonlin,t3,2000,2,0.6,k1,0.92,200,0.005,0.915,0.09
conf_nonlin,t3,2000,2,0.6,k2,0.38,200,0.075,0.305,0.09
conf_nonlin,t3,2000,2,0.8,hsic,0.06,200,0.0,0.06,0.06
conf_nonlin,t3,2000,2,0.8,k1,0.92,200,0.005,0.915,0.06
conf_nonlin,t3,2000,2,0.8,k2,0.38,200,0.075,0.305,0.06
conf_nonlin,t3,2000,3,0.2,hsic,0.095,200,0.0,0.095,0.095
conf_nonlin,t3,2000,3,0.2,k1,0.92,200,0.005,0.915,0.095
conf_nonlin,t3,2000,3,0.2,k2,0.38,200,0.075,0.305,0.095
conf_nonlin,t3,2000,3,0.4,hsic,0.09,200,0.0,0.09,0.09
conf_nonlin,t3,2000,3,0.4,k1,0.92,200,0.005,0.915,0.09
conf_nonlin,t3,2000,3,0.4,k2,0.38,200,0.075,0.305,0.09
conf_nonlin,t3,2000,3,0.6,hsic,0.09,200,0.0,0.09,0.09
conf_nonlin,t3,2000,3,0.6,k1,0.92,200,0.005,0.915,0.09
conf_nonlin,t3,2000,3,0.6,k2,0.38,200,0.075,0.305,0.09
conf_nonlin,t3,2000,3,0.8,hsic,0.06,200,0.0,0.06,0.06
conf_nonlin,t3,2000,3,0.8,k1,0.92,200,0.005,0.915,0.06
conf_nonlin,t3,2000,3,0.8,k2,0.38,200,0.075,0.305,0.06
conf_nonlin,t3,2000,5,0.2,hsic,0.095,200,0.0,0.095,0.095
conf_nonlin,t3,2000,5,0.2,k1,0.92,200,0.005,0.915,0.095
conf_nonlin,t3,2000,5,0.2,k2,0.38,200,0.075,0.305,0.095
conf_nonlin,t3,2000,5,0.4,hsic,0.09,200,0.0,0.09,0.09
conf_nonlin,t3,2000,5,0.4,k1,0.92,200,0.005,0.915,0.09
conf_nonlin,t3,2000,5,0.4,k2,0.38,200,0.075,0.305,0.09
conf_nonlin,t3,2000,5,0.6,hsic,0.09,200,0.0,0.09,0.09
conf_nonlin,t3,2000,5,0.6,k1,0.92,200,0.005,0.915,0.09
conf_nonlin,t3,2000,5,0.6,k2,0.38,200,0.075,0.305,0.09
conf_nonlin,t3,2000,5,0.8,hsic,0.06,200,0.0,0.06,0.06
conf_nonlin,t3,2000,5,0.8,k1,0.92,200,0.005,0.915,0.06
conf_nonlin,t3,2000,5,0.8,k2,0.38,200,0.075,0.305,0.06
conf_nonlin,t3,8000,2,0.2,hsic,0.065,200,0.0,0.065,0.065
conf_nonlin,t3,8000,2,0.2,k1,0.995,200,0.01,0.985,0.065
conf_nonlin,t3,8000,2,0.2,k2,0.47,200,0.13,0.33999999999999997,0.065
conf_nonlin,t3,8000,2,0.4,hsic,0.055,200,0.0,0.055,0.055
conf_nonlin,t3,8000,2,0.4,k1,0.995,200,0.01,0.985,0.055
conf_nonlin,t3,8000,2,0.4,k2,0.47,200,0.13,0.33999999999999997,0.055
conf_nonlin,t3,8000,2,0.6,hsic,0.045,200,0.0,0.045,0.045
conf_nonlin,t3,8000,2,0.6,k1,0.995,200,0.01,0.985,0.045
conf_nonlin,t3,8000,2,0.6,k2,0.47,200,0.13,0.33999999999999997,0.045
conf_nonlin,t3,8000,2,0.8,hsic,0.035,200,0.0,0.035,0.035
conf_nonlin,t3,8000,2,0.8,k1,0.995,200,0.01,0.985,0.035
conf_nonlin,t3,8000,2,0.8,k2,0.47,200,0.13,0.33999999999999997,0.035
conf_nonlin,t3,8000,3,0.2,hsic,0.065,200,0.0,0.065,0.065
conf_nonlin,t3,8000,3,0.2,k1,0.995,200,0.01,0.985,0.065
conf_nonlin,t3,8000,3,0.2,k2,0.47,200,0.13,0.33999999999999997,0.065
conf_nonlin,t3,8000,3,0.4,hsic,0.055,200,0.0,0.055,0.055
conf_nonlin,t3,8000,3,0.4,k1,0.995,200,0.01,0.985,0.055
conf_nonlin,t3,8000,3,0.4,k2,0.47,200,0.13,0.33999999999999997,0.055
conf_nonlin,t3,8000,3,0.6,hsic,0.045,200,0.0,0.045,0.045
conf_nonlin,t3,8000,3,0.6,k1,0.995,200,0.01,0.985,0.045
conf_nonlin,t3,8000,3,0.6,k2,0.47,200,0.13,0.33999999999999997,0.045
conf_nonlin,t3,8000,3,0.8,hsic,0.035,200,0.0,0.035,0.035
conf_nonlin,t3,8000,3,0.8,k1,0.995,200,0.01,0.985,0.035
conf_nonlin,t3,8000,3,0.8,k2,0.47,200,0.13,0.33999999999999997,0.035
conf_nonlin,t3,8000,5,0.2,hsic,0.065,200,0.0,0.065,0.065
conf_nonlin,t3,8000,5,0.2,k1,0.995,200,0.01,0.985,0.065
conf_nonlin,t3,8000,5,0.2,k2,0.47,200,0.13,0.33999999999999997,0.065
conf_nonlin,t3,8000,5,0.4,hsic,0.055,200,0.0,0.055,0.055
conf_nonlin,t3,8000,5,0.4,k1,0.995,200,0.01,0.985,0.055
conf_nonlin,t3,8000,5,0.4,k2,0.47,200,0.13,0.33999999999999997,0.055
conf_nonlin,t3,8000,5,0.6,hsic,0.045,200,0.0,0.045,0.045
conf_nonlin,t3,8000,5,0.6,k1,0.995,200,0.01,0.985,0.045
conf_nonlin,t3,8000,5,0.6,k2,0.47,200,0.13,0.33999999999999997,0.045
conf_nonlin,t3,8000,5,0.8,hsic,0.035,200,0.0,0.035,0.035
conf_nonlin,t3,8000,5,0.8,k1,0.995,200,0.01,0.985,0.035
conf_nonlin,t3,8000,5,0.8,k2,0.47,200,0.13,0.33999999999999997,0.035
conf_nonlin,t3,20000,2,0.2,hsic,0.05,200,0.0,0.05,0.05
conf_nonlin,t3,20000,2,0.2,k1,1.0,200,0.025,0.975,0.05
conf_nonlin,t3,20000,2,0.2,k2,0.995,200,0.13,0.865,0.05
conf_nonlin,t3,20000,2,0.4,hsic,0.05,200,0.0,0.05,0.05
conf_nonlin,t3,20000,2,0.4,k1,1.0,200,0.025,0.975,0.05
conf_nonlin,t3,20000,2,0.4,k2,0.995,200,0.13,0.865,0.05
conf_nonlin,t3,20000,2,0.6,hsic,0.05,200,0.0,0.05,0.05
conf_nonlin,t3,20000,2,0.6,k1,1.0,200,0.025,0.975,0.05
conf_nonlin,t3,20000,2,0.6,k2,0.995,200,0.13,0.865,0.05
conf_nonlin,t3,20000,2,0.8,hsic,0.045,200,0.0,0.045,0.045
conf_nonlin,t3,20000,2,0.8,k1,1.0,200,0.025,0.975,0.045
conf_nonlin,t3,20000,2,0.8,k2,0.995,200,0.13,0.865,0.045
conf_nonlin,t3,20000,3,0.2,hsic,0.05,200,0.0,0.05,0.05
conf_nonlin,t3,20000,3,0.2,k1,1.0,200,0.025,0.975,0.05
conf_nonlin,t3,20000,3,0.2,k2,0.995,200,0.13,0.865,0.05
conf_nonlin,t3,20000,3,0.4,hsic,0.05,200,0.0,0.05,0.05
conf_nonlin,t3,20000,3,0.4,k1,1.0,200,0.025,0.975,0.05
conf_nonlin,t3,20000,3,0.4,k2,0.995,200,0.13,0.865,0.05
conf_nonlin,t3,20000,3,0.6,hsic,0.05,200,0.0,0.05,0.05
conf_nonlin,t3,20000,3,0.6,k1,1.0,200,0.025,0.975,0.05
conf_nonlin,t3,20000,3,0.6,k2,0.995,200,0.13,0.865,0.05
conf_nonlin,t3,20000,3,0.8,hsic,0.045,200,0.0,0.045,0.045
conf_nonlin,t3,20000,3,0.8,k1,1.0,200,0.025,0.975,0.045
conf_nonlin,t3,20000,3,0.8,k2,0.995,200,0.13,0.865,0.045
conf_nonlin,t3,20000,5,0.2,hsic,0.05,200,0.0,0.05,0.05
conf_nonlin,t3,20000,5,0.2,k1,1.0,200,0.025,0.975,0.05
conf_nonlin,t3,20000,5,0.2,k2,0.995,200,0.13,0.865,0.05
conf_nonlin,t3,20000,5,0.4,hsic,0.05,200,0.0,0.05,0.05
conf_nonlin,t3,20000,5,0.4,k1,1.0,200,0.025,0.975,0.05
conf_nonlin,t3,20000,5,0.4,k2,0.995,200,0.13,0.865,0.05
conf_nonlin,t3,20000,5,0.6,hsic,0.05,200,0.0,0.05,0.05
conf_nonlin,t3,20000,5,0.6,k1,1.0,200,0.025,0.975,0.05
conf_nonlin,t3,20000,5,0.6,k2,0.995,200,0.13,0.865,0.05
conf_nonlin,t3,20000,5,0.8,hsic,0.045,200,0.0,0.045,0.045
conf_nonlin,t3,20000,5,0.8,k1,1.0,200,0.025,0.975,0.045
conf_nonlin,t3,20000,5,0.8,k2,0.995,200,0.13,0.865,0.045
