cell,n,tail,stat,engine,cv_0.01,cv_0.02,cv_0.03,cv_0.04,cv_0.05,cv_0.06,cv_0.07,cv_0.08,cv_0.09,cv_0.10,cv_0.11,cv_0.12,cv_0.13,cv_0.14,cv_0.15,cv_0.16,cv_0.17,cv_0.18,cv_0.19,cv_0.20
2-2-4,500,none,cf1_margin,para_boot,0.013043745810803033,0.01119146868994793,0.010328943984136812,0.010019955117827039,0.009719201401718778,0.009306158013799453,0.009178838920670033,0.008824983221066278,0.008448203386936224,0.008041352945279226,0.007863615365160264,0.007726757825690077,0.007552089474580244,0.0072430012970769175,0.006947500790761777,0.0068415793051112665,0.0066974320527556815,0.006574336877261989,0.006472165163991685,0.006346813847943269
2-2-4,500,none,gm_battery,crt_cond,0.0,0.0,0.0,0.0,0.0,0.0,0.0,0.0,0.0,0.0,0.0,0.0,0.0,0.0,0.0,0.0,0.0,0.0,0.0,0.0
2-2-4,500,none,gm_battery,para_boot,0.0,0.0,0.0,0.0,0.0,0.0,0.0,0.0,0.0,0.0,0.0,0.0,0.0,0.0,0.0,0.0,0.0,0.0,0.0,0.0
2-2-4,500,none,gtest,crt_cond,299.1741218500894,297.9593632410013,296.5596855374011,296.0815292135691,295.64577908655974,295.15872147630273,294.8865575392035,294.4061193074101,294.1560149567647,294.01246464893603,293.70007115663594,293.5755123605211,293.4266808358552,293.19571297276354,293.0146522946746,292.81023405483006,292.6776228256372,292.4978760549095,292.26326393984687,292.0912440830714
2-2-4,500,none,gtest,para_boot,309.3308376975497,305.75526543546897,304.3991489945053,303.4896923084418,302.5233982284657,301.50064226663244,300.74375777031764,300.11508284973183,299.4881842639081,298.8739720778179,298.41691368757716,298.06019295833653,297.63660973256236,297.2183901298005,296.9816470122023,296.65997659081563,296.3356764242385,296.0023600662136,295.7197996850026,295.3280147603302
2-2-4,500,none,kl_crossfit,para_boot,0.08039317831148633,0.06315425143201832,0.05364108910043352,0.04652252065442661,0.04249633167142654,0.03827976752023699,0.03519679617814974,0.03293099972429756,0.030964029745854906,0.029081255027568184,0.027523653815861873,0.025897615278814106,0.024719594982303562,0.023842234731661967,0.022471051048657667,0.021552657890142407,0.020601511065074216,0.019439861817872814,0.01870755156872169,0.017995518834724774
2-2-4,500,none,kl_plugin,crt_cond,0.002005760450914983,0.0014614531849930735,0.0013541536467874878,0.0011855591825315976,0.001039515422769763,0.0009488989880084198,0.0009223965813725941,0.0008817348446042484,0.0008080169959900725,0.0007732082447058949,0.0007495452331740071,0.0007165020686414374,0.0006646497421191858,0.0006384380870279096,0.0006146070016099499,0.0005952007375930561,0.0005615152304223535,0.0005421402201300598,0.0004994672751892465,0.0004596699211614797
2-2-4,500,none,kl_plugin,para_boot,0.0018162467993678448,0.0013317449151601273,0.0011176308051698623,0.0010586932627967129,0.000992828001191796,0.0009092202451134895,0.0008852259929223775,0.0008187132567371468,0.0007456829840632226,0.0006775218944344794,0.0006464418851912512,0.0006256279957641633,0.000601434666092765,0.0005470281547620773,0.0005040696386545046,0.0004901966386523512,0.0004725907485717074,0.00045615919763459546,0.00044002828373217336,0.00042472785549939703
2-2-4,500,none,kl_split,para_boot,0.07983516002138037,0.06326119064613657,0.05343298553905497,0.04633478456005751,0.04247509717330041,0.038417640631171056,0.035196484130118916,0.03292717391405425,0.031057722670298857,0.029066674380807987,0.027400392104935556,0.025919191279325553,0.024818383560793886,0.023884388161615037,0.022444562829487882,0.021649462326457876,0.020702552511514358,0.019491052166967882,0.01874868959052838,0.017893826909523715
2-2-4,500,none,slack_plugin,para_boot,0.026087491621606018,0.02238293737989583,0.0206578879682736,0.02003991023565406,0.019438402803437553,0.018612316027598903,0.018357677841340073,0.01764996644213257,0.016896406773872438,0.01608270589055846,0.015727230730320535,0.015453515651380161,0.01510417894916049,0.014486002594153839,0.01389500158152356,0.013683158610222537,0.013394864105511365,0.013148673754523985,0.012944330327983374,0.012693627695886545
2-2-4,500,t3,cf1_margin,para_boot,0.38441384865090455,0.38358725101441443,0.3832995989938949,0.383106397200742,0.3826124424286561,0.3822188868068418,0.3819749130346503,0.3815678774224145,0.3814107712090821,0.3812508458865508,0.3811517876131004,0.3810706388373482,0.38102594613547314,0.38077478347933474,0.34681315747807573,0.3150728722429394,0.31474149523038353,0.31452392034379917,0.30807904007707765,0.30774447612336675
2-2-4,500,t3,gm_battery,crt_cond,0.0,0.0,0.0,0.0,0.0,0.0,0.0,0.0,0.0,0.0,0.0,0.0,0.0,0.0,0.0,0.0,0.0,0.0,0.0,0.0
2-2-4,500,t3,gm_battery,para_boot,0.0,0.0,0.0,0.0,0.0,0.0,0.0,0.0,0.0,0.0,0.0,0.0,0.0,0.0,0.0,0.0,0.0,0.0,0.0,0.0
2-2-4,500,t3,gtest,crt_cond,193.5286683884242,192.81968882761035,192.5094975407024,192.1335741617023,192.0115903497325,191.58787585941684,191.4656252254126,191.15812717217153,191.0515270747145,190.8877016869668,190.66979835008416,190.56210366727404,190.4869634039886,190.33115696685522,190.1969702614309,189.8923408010327,189.80639469954747,189.77037991554337,189.62297477015022,189.52566809830662
2-2-4,500,t3,gtest,para_boot,202.75970898322964,199.99600920062963,199.10467225579484,198.52826085195605,197.66211171624133,197.1663465843038,196.63197724860197,196.28331848914846,195.95104626793216,195.61381281052138,195.24160131783248,194.45041805638903,194.14011619063893,193.92748986085397,193.55314214011662,193.4461995970156,193.3230766257161,193.03698798249556,192.72926856597567,192.58351032420993
2-2-4,500,t3,kl_crossfit,para_boot,1.3677232465941964,1.3281644603129108,1.321808467073367,1.2453910729988922,1.222288414095144,1.154704061361447,1.152920785469918,1.140351892200175,0.9453507471358569,0.9420562553597409,0.9344302477295686,0.797694387879497,0.6722615446691798,0.3072405015176648,0.25573031479353037,0.253515039648691,0.23503762284248475,0.23323013128691064,0.2204023045906697,0.21884338926859337
2-2-4,500,t3,kl_plugin,crt_cond,0.0194420301131972,0.018667235746651353,0.017864186825085723,0.010607802836214673,0.010421633163597408,0.01029134599508997,0.010185884113649572,0.010067247469463619,0.00998757115420257,0.009845218556951372,0.009794033116708779,0.009716076667012246,0.009690023374761499,0.00956810840517184,0.009459168350182966,0.009388778541865721,0.009347854204809524,0.009269551759623733,0.009250419368136312,0.009209678492679167
2-2-4,500,t3,kl_plugin,para_boot,0.019127251229082744,0.01830381538338174,0.018067034975537914,0.010689729522964497,0.010474147206623784,0.010127132635902219,0.01000652581916332,0.00988406788367951,0.00982152439869629,0.009703019089162839,0.009661764525306612,0.009636263912559812,0.009607803698687554,0.009503478813683209,0.009433818450648097,0.009387797023862195,0.009321015270064436,0.009252012423438429,0.009215330522661753,0.009170109178772402
2-2-4,500,t3,kl_split,para_boot,2.3033945942629677,2.056951103290492,2.026287727008247,1.685056452237207,1.6611405079139323,1.605016097001525,1.2720679744862329,0.6552190439948379,0.353657434867345,0.31272345482129854,0.2854551362977398,0.28121378786021256,0.2782484186005447,0.22686733162784523,0.09501079751221755,0.09069456457624758,0.0801649855141999,0.07222681577898063,0.06558807610987391,0.06263603467412167
2-2-4,500,t3,slack_plugin,para_boot,0.40260909320383176,0.40002790165168295,0.3992555191083888,0.39216103179550454,0.39114338853132696,0.39002462807377747,0.3894786615179757,0.38866459029350403,0.3882947109775052,0.38786352655377404,0.38763824724761986,0.38744867762998364,0.3873580601622846,0.3868557348500078,0.3587070341813041,0.33072315114314416,0.3302161166864446,0.3299755774641412,0.32371207703680954,0.32331893145397433
2-2-4,1000,none,cf1_margin,para_boot,0.010012102375905786,0.008799353021320212,0.007870151569646064,0.007268097020049818,0.006833247837537074,0.006509341843812786,0.006308038246546772,0.006042631290359009,0.00587588102529472,0.005697670035556841,0.005505017051335195,0.005391929946969139,0.005123673832168039,0.00497818726478219,0.004800032165658256,0.004723166174555129,0.00464665590939835,0.004543345166550561,0.0044269447450395825,0.004299536311149355
2-2-4,1000,none,gm_battery,crt_cond,0.0,0.0,0.0,0.0,0.0,0.0,0.0,0.0,0.0,0.0,0.0,0.0,0.0,0.0,0.0,0.0,0.0,0.0,0.0,0.0
2-2-4,1000,none,gm_battery,para_boot,0.0,0.0,0.0,0.0,0.0,0.0,0.0,0.0,0.0,0.0,0.0,0.0,0.0,0.0,0.0,0.0,0.0,0.0,0.0,0.0
2-2-4,1000,none,gtest,crt_cond,590.9796048295649,589.0555172316372,588.1093226867417,587.4717074921421,586.8971081068483,586.2069351656279,585.8281871132853,585.667887351714,585.0581166160416,584.5863370918694,584.2397268477861,584.1069480392204,583.9356477122444,583.403503084066,583.0748211834858,582.7531119458215,582.5389720951297,582.212599297455,581.9487064930634,581.8547318004187
2-2-4,1000,none,gtest,para_boot,606.6006822514248,603.5959889281287,600.91108743635,598.5098993963364,597.0861841226301,596.1559543629564,594.9747360717702,593.990770698631,593.183015195926,592.7484101038876,592.0216498319672,591.3901088268153,590.7871027931234,590.3024077523709,589.8289066588655,589.3698072059353,588.759063894316,588.4059261174302,587.8836507659831,587.400431542136
2-2-4,1000,none,kl_crossfit,para_boot,0.03865309673041453,0.02978421842265961,0.02646128440596309,0.022778664405673665,0.020065611910098133,0.01853323111828095,0.016870246253124287,0.01584535974358198,0.01478846222130109,0.014129317876075822,0.013395916816292219,0.01293339889748389,0.012495427931723523,0.011898356513791633,0.011237918150217522,0.010825190734043992,0.010297665443848582,0.0098140926778978,0.009438076637484628,0.009062033029759638
2-2-4,1000,none,kl_plugin,crt_cond,0.0009509923254400534,0.000826170799734229,0.0007530936130143662,0.0006058556669206027,0.0005625495941003478,0.0004927699983608364,0.0004484222527552074,0.00039982350418738623,0.00037292656690130356,0.0003476381507744392,0.0003222340703949728,0.00030851337512556815,0.00029657171631554657,0.0002794192938142345,0.00026988654048023543,0.00025247841696886025,0.00023437742807833008,0.00022796906249949328,0.00021721394032396071,0.00021002834296747797
2-2-4,1000,none,kl_plugin,para_boot,0.0010431468749119803,0.0008084640957856325,0.0006516307542005742,0.0005596383126010895,0.0004923998902204031,0.000446452258097561,0.0004180954319311068,0.0003848671112755401,0.0003644074306977911,0.0003421305526234963,0.000318300156640351,0.0003035464290378105,0.0002742911826223253,0.00025828484165153873,0.00024021304045968153,0.00023197547347209447,0.00022422294055687308,0.00021507083309788217,0.00020389399842145035,0.00019213570060356764
2-2-4,1000,none,kl_split,para_boot,0.03825528316358974,0.029955838112479607,0.026077762800399713,0.02265018430401993,0.019976052414391595,0.018380061395941207,0.016698253438329796,0.015741349647913537,0.014830177155597127,0.014181526649195843,0.013470953975391978,0.012912950837789402,0.012477629666516407,0.011881089909319973,0.011257703623452665,0.010785768515984721,0.010311145173761471,0.00982448662959732,0.009379311582974125,0.008994309870725926
2-2-4,1000,none,slack_plugin,para_boot,0.02002420475181154,0.0175987060426404,0.01574030313929211,0.014536194040099627,0.013666495675074145,0.013018683687625572,0.012616076493093554,0.012085262580718022,0.011751762050589448,0.011395340071113681,0.011010034102670395,0.010783859893938286,0.010247347664336085,0.009956374529564384,0.009600064331316521,0.009446332349110262,0.009293311818796704,0.009086690333101131,0.008853889490079165,0.008599072622298719
2-2-4,1000,t3,cf1_margin,para_boot,0.3838366012703345,0.38185788907685186,0.38156690716881175,0.3813488524317344,0.3809319503095185,0.3474144415702016,0.3472220944018235,0.34671394687194296,0.34660218195697723,0.34632696695553067,0.3461936962162867,0.30437758020482586,0.3042259147936565,0.30408895924748436,0.26956751288894587,0.26929796709783305,0.2275584723568294,0.22736033387781202,0.22718177814354487,0.22500333710739243
2-2-4,1000,t3,gm_battery,crt_cond,0.0,0.0,0.0,0.0,0.0,0.0,0.0,0.0,0.0,0.0,0.0,0.0,0.0,0.0,0.0,0.0,0.0,0.0,0.0,0.0
2-2-4,1000,t3,gm_battery,para_boot,0.0,0.0,0.0,0.0,0.0,0.0,0.0,0.0,0.0,0.0,0.0,0.0,0.0,0.0,0.0,0.0,0.0,0.0,0.0,0.0
2-2-4,1000,t3,gtest,crt_cond,381.4022911857092,380.24113722835114,379.5145831877364,379.0464300031633,378.79969758118114,378.16084531313305,377.84667102683636,377.5692948329075,377.5127696052754,377.2954983139033,377.13182942890995,376.95623390964266,376.80640710315686,376.727352431686,376.4641573195818,376.33775618457145,376.27215958210155,376.0124595973259,375.9268415044771,375.79282010266405
2-2-4,1000,t3,gtest,para_boot,393.0932637792505,390.36915020033086,389.0781680344891,388.019870400787,387.02975225280807,386.47914842213453,385.64971932225734,384.8191700708405,384.4131151654289,383.85634709702896,383.4223657953661,383.03084766605656,382.67850372534184,382.36856821911965,382.0664391406477,381.7368555694525,381.29471454578214,380.7636700069598,380.37329858022673,380.0720516059612
2-2-4,1000,t3,kl_crossfit,para_boot,0.383295766243659,0.3104451175972989,0.16928363104458677,0.16268169392187376,0.16115796628543594,0.1594117935649646,0.15750814267430274,0.15599351155519878,0.15445573176627903,0.1514466499126809,0.1498777997508038,0.14888814492476737,0.1474695304812102,0.14530731058722204,0.1436187353432866,0.1428543679105213,0.12670509479854825,0.11615493230049173,0.11472111065083385,0.09842614094091914
2-2-4,1000,t3,kl_plugin,crt_cond,0.015816328760567776,0.015080523091297189,0.01464752573268304,0.014401649090737816,0.01424066414045775,0.014185871372865581,0.014048181079083467,0.013750376284481875,0.013634976706752434,0.011710854186790146,0.011669597256052799,0.011568510618351962,0.011488378475495572,0.011419076970105359,0.011336415014234368,0.011317871538062092,0.011265923461151862,0.0111988682121393,0.011150779733265915,0.01111449046624007
2-2-4,1000,t3,kl_plugin,para_boot,0.01581216461550445,0.014891167409803587,0.014645807922032208,0.014556475535914996,0.01431233201282811,0.014227650401480711,0.014065607857302745,0.013925888601133106,0.01385208257409578,0.013813455347599847,0.013739536484453111,0.013708354931405386,0.013596868913260727,0.013519314664277771,0.011208473403246901,0.011165329180949393,0.011060439546052717,0.011015890117031395,0.010957834281135713,0.010871600315463333
2-2-4,1000,t3,kl_split,para_boot,0.11598280888996741,0.10373219855716807,0.09727711849883744,0.09296963597606865,0.09100807559809615,0.08944726717438903,0.08777034462607863,0.08638520513937203,0.08493538650362309,0.08141703882475541,0.07953600582886317,0.07746733629094515,0.07524638237509779,0.07436337982813696,0.07277700292558259,0.07154605505416355,0.057955869455135055,0.05659122615476101,0.055128116836488376,0.038742246680557674
2-2-4,1000,t3,slack_plugin,para_boot,0.3967115103235438,0.39242840861984113,0.3915329004849544,0.39102091785602044,0.3899119559406464,0.3612668855577309,0.3607632856782994,0.35984121185453044,0.35955126637196805,0.3590979330203911,0.35876210047394813,0.3169216602428183,0.31651841877726006,0.3162610015780518,0.28586539007672623,0.2855784433135571,0.24386304900361688,0.2436202330969618,0.24349932919361933,0.24139500643478037
2-2-4,2000,none,cf1_margin,para_boot,0.006861590470479334,0.0056858964462777085,0.0054796949733506494,0.005308881671774342,0.00501866106974167,0.004810361502340451,0.004598756008407024,0.004522820275996842,0.004410690229733273,0.004279509018758242,0.004103700703413333,0.004020272806462,0.003905767700669638,0.0038405201997810012,0.0037749811897442678,0.0035976178086773915,0.00349118861284425,0.0034291129764551873,0.0032930853091379013,0.003191773749428344
2-2-4,2000,none,gm_battery,crt_cond,0.0,0.0,0.0,0.0,0.0,0.0,0.0,0.0,0.0,0.0,0.0,0.0,0.0,0.0,0.0,0.0,0.0,0.0,0.0,0.0
2-2-4,2000,none,gm_battery,para_boot,0.0,0.0,0.0,0.0,0.0,0.0,0.0,0.0,0.0,0.0,0.0,0.0,0.0,0.0,0.0,0.0,0.0,0.0,0.0,0.0
2-2-4,2000,none,gtest,crt_cond,1184.1138252298288,1180.1719576324222,1178.8083040258027,1177.5944347834607,1176.7605059242003,1175.8077531519784,1175.170566780912,1174.6693168606166,1174.2226683622055,1173.4751096069645,1173.0672374812411,1172.460819802005,1171.9433416628021,1171.7032969877262,1171.411507838769,1171.095941089346,1170.5883468136456,1170.238144834991,1169.963986172195,1169.7672583745461
2-2-4,2000,none,gtest,para_boot,1207.4906993822751,1201.1065711819656,1197.296367105694,1194.2835976660374,1191.8233298257794,1190.8636629408838,1188.900087036957,1187.4974544256079,1186.5152657756862,1185.4527613140508,1184.4303655700294,1183.5751662075772,1182.908129869207,1181.992157195601,1181.2390737025187,1180.7252966885114,1179.9808790163208,1179.3737176317197,1178.7244792041367,1177.9188072233892
2-2-4,2000,none,kl_crossfit,para_boot,0.01648086985483195,0.01320561376286771,0.01168871855212563,0.010136035152716258,0.009187659746988248,0.008380641252843235,0.007793265105734444,0.007243102253941865,0.006872028064591773,0.006519618630014084,0.0062552706189992514,0.005945757716039888,0.005704900756057858,0.005532610235116921,0.0053040764789033515,0.005139760092097915,0.004863997472246637,0.004685191309646473,0.004497104605724438,0.004293725462232372
2-2-4,2000,none,kl_plugin,crt_cond,0.0005458716646516278,0.0003801472718697968,0.0003246712935954876,0.0003003550359318703,0.00025950786529378505,0.00022961272349681424,0.00021416070819516014,0.00019712415255593166,0.00018415783384449368,0.00017512576277033847,0.00016163416479387702,0.00015145337473852573,0.00014436803680924648,0.00013679710939741823,0.00013296640741559455,0.00012542451395477475,0.00011927677657111288,0.00011318985476268308,0.0001039394603759039,0.00010076303777868126
2-2-4,2000,none,kl_plugin,para_boot,0.0005133768480853999,0.0003397873927238433,0.00031671679700902636,0.00029807543859484146,0.00026625175738564623,0.00024327480675827133,0.0002204651097163792,0.000213501879227647,0.00020241478135407914,0.0001909556659861255,0.00017565246209067442,0.00016858518173023775,0.00015848953138846705,0.00015335397500322796,0.000148020301662774,0.0001344759424869112,0.00012676597285470013,0.00012205206435145953,0.00011228813183273621,0.00010535415520719892
2-2-4,2000,none,kl_split,para_boot,0.016596793717521714,0.0134109395369875,0.01170841951568429,0.010194069101564734,0.009232722126449223,0.00839552591360298,0.007900008761660946,0.007309881325299714,0.0069291687035782775,0.0065960612549997655,0.006314013910822877,0.005988579547307693,0.005745293591350655,0.005598231647862276,0.005369496388882072,0.00520205117220977,0.0049461668798664584,0.004767628749401764,0.004583759816882059,0.00434561644291044
2-2-4,2000,none,slack_plugin,para_boot,0.013723180940958622,0.011371792892555388,0.010959389946701283,0.01061776334354868,0.010037322139483338,0.009620723004680896,0.009197512016814048,0.009045640551993687,0.008821380459466554,0.008559018037516491,0.008207401406826674,0.008040545612924003,0.0078115354013392774,0.007681040399562007,0.007549962379488545,0.007195235617354793,0.006982377225688509,0.006858225952910374,0.006586170618275812,0.006383547498856693
2-2-4,2000,t3,cf1_margin,para_boot,0.33900028710314045,0.3382318181186367,0.30309338824178195,0.30290785034705814,0.30262390638346637,0.30251244681943557,0.3024139570207583,0.3022961504586071,0.30216467695189336,0.30207108202553173,0.3018009475008392,0.25995405706415403,0.25982790892448254,0.2597436831508346,0.22833786323648836,0.22814088487765607,0.22788765284932616,0.22364493432728402,0.2234516661872192,0.22338398923012756
2-2-4,2000,t3,gm_battery,crt_cond,0.0,0.0,0.0,0.0,0.0,0.0,0.0,0.0,0.0,0.0,0.0,0.0,0.0,0.0,0.0,0.0,0.0,0.0,0.0,0.0
2-2-4,2000,t3,gm_battery,para_boot,0.0,0.0,0.0,0.0,0.0,0.0,0.0,0.0,0.0,0.0,0.0,0.0,0.0,0.0,0.0,0.0,0.0,0.0,0.0,0.0
2-2-4,2000,t3,gtest,crt_cond,761.5618549981891,759.5018242863257,758.6080921947311,758.1615992306666,757.4723197740307,757.1943343948346,756.788406413862,756.1969794862396,755.9510150868048,755.5979882586236,755.204042109664,754.7744926598448,754.4819282625137,754.1298664100739,753.9590457588149,753.8590938339307,753.6647938552694,753.3070460696279,753.121609379324,752.9353161876886
2-2-4,2000,t3,gtest,para_boot,778.3677086724086,773.742641798869,770.7746515087503,769.2475688168065,767.7416704930416,766.7996219232847,765.5963450752902,764.5633924413045,763.8651802005061,763.185619206716,762.6749990444619,762.3241541759301,761.774615722114,761.1301148313748,760.5916285477709,760.1569485039726,759.8672712162565,759.1392275164832,758.6104598852669,758.2002998867549
2-2-4,2000,t3,kl_crossfit,para_boot,1.4090524483130815,0.8828998922873441,0.8785223946980776,0.8765208935231292,0.8700045156057574,0.849099163735259,0.7514386191643069,0.7445101090258599,0.7433028969080083,0.7425327445629679,0.6696893115275127,0.6677967162324994,0.1529080095293779,0.15173861828774127,0.15078578483109192,0.14997517530947127,0.1494682111703821,0.14838132105137675,0.13209847980203715,0.11495448213381732
2-2-4,2000,t3,kl_plugin,crt_cond,0.017481443034785205,0.017166334760996764,0.016993500000486165,0.016927256287978136,0.009379928892791614,0.009296033308215138,0.009236109060922577,0.009209130172344484,0.009193428920991877,0.00911800388992045,0.009031863764166021,0.009009805157844678,0.008999993801487756,0.008899340376255095,0.008889416797463773,0.00884741034572285,0.008823049320902838,0.008791894418357524,0.008774921652182946,0.004038686096223254
2-2-4,2000,t3,kl_plugin,para_boot,0.01710775442503908,0.016729847849690747,0.016438644579567837,0.009403118978514338,0.009337470386344327,0.009307903995682926,0.009235742965722472,0.009197811358412689,0.009106192373845301,0.009056304702766367,0.00902615922579459,0.008992137798693596,0.008918956242336459,0.008912569244563318,0.008857882961650842,0.008838962031844632,0.008737051497000497,0.008722857178186659,0.008694053077497836,0.00861820771302987
2-2-4,2000,t3,kl_split,para_boot,1.4994644616934498,1.1436711852740935,1.1061637655535927,1.1021608067790523,0.7659391856218944,0.7583952885445114,0.10182842555783046,0.0984631867843677,0.09795052228457869,0.09702844995034786,0.0962552218652894,0.09571963200417828,0.07866642065251866,0.07693782969121424,0.07631717899881098,0.07555883170397565,0.07473827426807479,0.06266881794301596,0.046993345056083234,0.04023437674796433
2-2-4,2000,t3,slack_plugin,para_boot,0.3517958051550886,0.3499080913751019,0.32060278634590805,0.31405848835464173,0.31349116472373495,0.3133372510744012,0.3130426868761724,0.3127936794398644,0.3125236593203144,0.31236427505095227,0.3119352283350117,0.26990811412830806,0.2696558178489651,0.2694873663016693,0.24162375604331737,0.24152534666555572,0.2412969384425073,0.2389565353212347,0.2385699990411051,0.23843464512692172
2-2-5,500,none,cf1_margin,para_boot,0.013467670784949868,0.013467670784949868,0.011483862587953246,0.011483862587953246,0.010047581545842992,0.010047581545842992,0.009339551023711003,0.009339551023711003,0.008659614859867507,0.008659614859867507,0.008214933340511581,0.008214933340511581,0.007681621392841523,0.007681621392841523,0.007292015478872597,0.007292015478872597,0.0071287463872251565,0.0071287463872251565,0.006862753549598226,0.006862753549598226
2-2-5,500,none,gm_battery,crt_cond,0.0,0.0,0.0,0.0,0.0,0.0,0.0,0.0,0.0,0.0,0.0,0.0,0.0,0.0,0.0,0.0,0.0,0.0,0.0,0.0
2-2-5,500,none,gm_battery,para_boot,0.0,0.0,0.0,0.0,0.0,0.0,0.0,0.0,0.0,0.0,0.0,0.0,0.0,0.0,0.0,0.0,0.0,0.0,0.0,0.0
2-2-5,500,none,gtest,crt_cond,296.0861665886281,295.3110752532814,294.63276930523193,294.1686177840224,293.9414687053534,293.6748246273799,293.4177470971938,293.1976878647753,292.9954222369374,292.93134407716275,292.674208297913,292.58892904474436,292.43764194896175,292.32018176318627,292.29688210268455,292.19543006743135,292.10195101788315,292.0364686145729,291.8296863895756,291.7318752081888
2-2-5,500,none,gtest,para_boot,309.9084580580883,306.9766289023551,305.62966971403307,304.6172307267473,303.307623713454,302.3163138585158,301.83252597176903,301.26288714913505,300.6361653143573,300.1755127726383,299.68756882194305,299.25855437743206,298.8464178440908,298.3447402080955,298.2438875945495,297.83915857491945,297.6065031140155,297.22688443569746,296.9632631691768,296.59652281240744
2-2-5,500,none,kl_crossfit,para_boot,0.08318888928484708,0.06268464811448873,0.05331914295212803,0.04650217930481843,0.04306886064933956,0.0391356717094167,0.03694251783041232,0.034146678388159324,0.03117758865643296,0.029213403695103637,0.027715575190200428,0.02646744442871408,0.025033846280616407,0.02360220750842917,0.022804720156798845,0.02176035517602128,0.0210916008397216,0.020230078105236513,0.01949421443555001,0.018559342142428322
2-2-5,500,none,kl_plugin,crt_cond,0.0020135118076441846,0.001673212206872582,0.0014728769651907022,0.0013055048190697097,0.001118120654884254,0.0010504027888163304,0.0009767356375512358,0.00094847569813698,0.000870134217477334,0.0008089011258951618,0.0007552509298945944,0.0007005561329029424,0.0006683421645792088,0.000653420895778706,0.0006243279259271197,0.0005977512952500832,0.0005647319305138854,0.0005498925749693183,0.0005327036039303184,0.0004977016035154338
2-2-5,500,none,kl_plugin,para_boot,0.0022136757833132095,0.0016192088647113056,0.0013969281148868997,0.001323137095667678,0.0011896193522061842,0.0010744528190335246,0.0010040872008135859,0.0009001622656892263,0.0008404394657580013,0.0007826952996327013,0.0007597297613222777,0.0007145127418517683,0.0006653835803530966,0.000620254125550522,0.0005775034188148218,0.0005597747652821867,0.0005310453168464367,0.0005095953421087205,0.00048812595645937075,0.0004712284529546288
2-2-5,500,none,kl_split,para_boot,0.08397630196833714,0.06273125233807608,0.05273832349982557,0.04679927945079548,0.0434685236334275,0.03920967276059838,0.03682177227886941,0.03405894063863984,0.03116287238026854,0.029313405371013027,0.02781404476009899,0.026431030560120573,0.025164735604055067,0.023804465123183422,0.022832890510970844,0.02183121981410606,0.021132565645670225,0.020376165682012615,0.019556892370773033,0.018573629937121264
2-2-5,500,none,slack_plugin,para_boot,0.026935341569899702,0.026935341569899702,0.022967725175906485,0.022967725175906485,0.020095163091685984,0.020095163091685984,0.018679102047422017,0.018679102047422017,0.017319229719735013,0.017319229719735013,0.016429866681023173,0.016429866681023173,0.015363242785683049,0.015363242785683049,0.014584030957745202,0.014584030957745202,0.014257492774450316,0.014257492774450316,0.013725507099196463,0.013725507099196463
2-2-5,500,t3,cf1_margin,para_boot,0.3852424530477141,0.3852424530477141,0.3839438482003519,0.3839438482003519,0.37986565625679425,0.37986565625679425,0.3792987724199735,0.3792987724199735,0.3714842806755863,0.3714842806755863,0.37129534787371044,0.37129534787371044,0.3400107934488246,0.3400107934488246,0.3386563338998218,0.3386563338998218,0.30655883945640006,0.30655883945640006,0.30534847880528093,0.30534847880528093
2-2-5,500,t3,gm_battery,crt_cond,0.0,0.0,0.0,0.0,0.0,0.0,0.0,0.0,0.0,0.0,0.0,0.0,0.0,0.0,0.0,0.0,0.0,0.0,0.0,0.0
2-2-5,500,t3,gm_battery,para_boot,0.0,0.0,0.0,0.0,0.0,0.0,0.0,0.0,0.0,0.0,0.0,0.0,0.0,0.0,0.0,0.0,0.0,0.0,0.0,0.0
2-2-5,500,t3,gtest,crt_cond,219.27495631954886,218.5676060672091,218.2181396505511,217.95395753774102,217.70339634358746,217.27929688073058,216.90459127736443,216.71208076665172,216.495627861878,216.41184022298683,216.29073947196855,216.15061360451753,216.05333402920562,215.8907803082076,215.76897004659145,215.62679654543425,215.60068463132382,215.53265572874275,215.44950766013037,215.36777085955552
2-2-5,500,t3,gtest,para_boot,229.28229561478747,226.6981127845535,225.47904149471555,224.49806040148962,223.67207948620876,223.34684540431272,222.74577667308677,222.12545617420344,221.76828551198275,221.3840150445834,221.21001281062317,220.6867227829462,220.3704094428366,220.1682125632619,219.86988147207413,219.34944446160418,219.17563694416614,218.88943469200066,218.5915805696239,218.36111230796197
2-2-5,500,t3,kl_crossfit,para_boot,4.787263139729244,2.9906185975421233,2.5269671937738702,1.855069212881396,1.828335000932408,1.824878825565149,1.812148710832014,1.6645758336042686,1.588957508575451,1.5340118002002265,1.3822409245246416,1.0662843410298317,1.0388130371120643,1.0013930214169078,0.980965323834963,0.9784279184069208,0.9125692633440027,0.9007978807514192,0.8572988480429308,0.3142667990027681
2-2-5,500,t3,kl_plugin,crt_cond,0.025809408062693655,0.025265262018041287,0.024644477711130222,0.01790370519945314,0.0177073352267158,0.01740482794910749,0.017359104662888102,0.01718613361148623,0.01708813711198141,0.01686196692480071,0.016640178853536892,0.016570514745414905,0.01620892208278169,0.01603642306090479,0.015893622193412404,0.015694858217838933,0.010121066363919379,0.009762248961893899,0.009623999233318874,0.009512791047474047
2-2-5,500,t3,kl_plugin,para_boot,0.03447091155428896,0.033246426232069276,0.031164316280379925,0.01865335060968348,0.018075213026780387,0.0171100566212921,0.010677142249664526,0.010443491826336353,0.010221516289456856,0.010102700247097429,0.00996855841950552,0.009910038382333487,0.009794644083162314,0.009691541490252826,0.009618105992415752,0.009511462032224378,0.009378478928116085,0.009308992576454305,0.009214923702900153,0.009166804384051534
2-2-5,500,t3,kl_split,para_boot,5.171265841938334,4.92127691743397,3.238876729814774,2.742593127741664,2.200777296386809,1.9655947106140819,1.6577994131959908,1.4834302861972355,1.3742966015408686,1.2819021522034064,1.2510141828578258,1.1646473807829851,0.9311448271813377,0.7566885121345046,0.6776298444573458,0.2590291889349846,0.25728935380214635,0.2546627627626379,0.22776459277255098,0.1880823351463331
2-2-5,500,t3,slack_plugin,para_boot,0.416554823708432,0.416554823708432,0.4111742695469963,0.4111742695469963,0.39889853584914853,0.39889853584914853,0.39759776750750436,0.39759776750750436,0.38767464017548803,0.38767464017548803,0.38147958463630965,0.38147958463630965,0.3533126133950886,0.3533126133950886,0.3527747029811177,0.3527747029811177,0.3214510122461335,0.3214510122461335,0.3190302909438951,0.3190302909438951
2-2-5,1000,none,cf1_margin,para_boot,0.009528533309529469,0.009528533309529469,0.007837146031538412,0.007837146031538412,0.007251464864767434,0.007251464864767434,0.006708236051555704,0.006708236051555704,0.006228134379997807,0.006228134379997807,0.006013835410784229,0.006013835410784229,0.00579626325614702,0.00579626325614702,0.005527421437509089,0.005527421437509089,0.005361164610213715,0.005361164610213715,0.005042659557008382,0.005042659557008382
2-2-5,1000,none,gm_battery,crt_cond,0.0,0.0,0.0,0.0,0.0,0.0,0.0,0.0,0.0,0.0,0.0,0.0,0.0,0.0,0.0,0.0,0.0,0.0,0.0,0.0
2-2-5,1000,none,gm_battery,para_boot,0.0,0.0,0.0,0.0,0.0,0.0,0.0,0.0,0.0,0.0,0.0,0.0,0.0,0.0,0.0,0.0,0.0,0.0,0.0,0.0
2-2-5,1000,none,gtest,crt_cond,589.3812246711037,588.2712092294623,587.4256213772175,586.9821485738989,586.6948084282328,586.4201013377074,585.929216094934,585.7067304403879,585.492599050006,585.3200807500119,584.9464377204611,584.7138901737483,584.516378678888,584.2203413688247,583.9960282577625,583.8873896957437,583.7009605340188,583.5943907787747,583.5039162761783,583.3968550766148
2-2-5,1000,none,gtest,para_boot,607.9988699528022,604.6761885511858,602.1911580481767,600.6121807667348,598.96675983428,597.9699300854758,596.8313118287048,596.2197015703051,595.343445727784,594.8150665635944,594.1030530966453,593.5926735701,593.0276037513619,592.7118371064882,592.2380534985576,591.9242944791893,591.0986970480782,590.7938890681075,590.0834728768548,589.654899964399
2-2-5,1000,none,kl_crossfit,para_boot,0.036904102891172824,0.03008084031375964,0.02545633732397158,0.022616923620921093,0.020659681369029462,0.018941417104024756,0.017624446423425966,0.016216111811832426,0.015224613307995303,0.014550444211439466,0.013834313672755467,0.012994837245042875,0.012408638353474881,0.011770210576443887,0.011204947166613802,0.010849082766888883,0.010282823535204814,0.00987891443434997,0.009526005701143961,0.009044271714308438
2-2-5,1000,none,kl_plugin,crt_cond,0.001147162942772332,0.0008515172290519876,0.0007827530112540822,0.0006564154961475609,0.000609119190752069,0.0005171078305324853,0.00046964344849958627,0.00045003445956149485,0.00041944490606104205,0.0004045527122705921,0.00037474198970952554,0.00034930976618326854,0.0003396903189590285,0.000327559984557995,0.00031353543043271403,0.00030209105959040866,0.0002858155039174728,0.00027922138674210987,0.0002700115404229255,0.00025248074231132636
2-2-5,1000,none,kl_plugin,para_boot,0.0011553307777312798,0.0007810534503877456,0.0006456548017674885,0.0005945302838906298,0.0005619567703094036,0.0005208092295947201,0.0004920188541945018,0.00047575338426115885,0.00044336554544916585,0.0004080994019861446,0.00038835481862293164,0.0003735207752943359,0.0003656839520480461,0.0003512393478886991,0.00033155065269253984,0.000308275119269515,0.00029922144999350796,0.0002797647658574645,0.0002629333126102056,0.00024545458338185805
2-2-5,1000,none,kl_split,para_boot,0.03716563807064792,0.030275904425312923,0.02562168326835114,0.022709652663261852,0.02070505128253627,0.01901033539514568,0.017602258132118062,0.016188441575044465,0.015264498672780584,0.014539674949585892,0.01383620662912269,0.013012608002190333,0.012422013727989997,0.011828013450517032,0.011318669116028747,0.010972523893206803,0.010350593741530372,0.009962785173949683,0.009592417753814492,0.009137222544949596
2-2-5,1000,none,slack_plugin,para_boot,0.01905706661905891,0.01905706661905891,0.015674292063076814,0.015674292063076814,0.014502929729534868,0.014502929729534868,0.013416472103111412,0.013416472103111412,0.012456268759995608,0.012456268759995608,0.012027670821568467,0.012027670821568467,0.011592526512294051,0.011592526512294051,0.011054842875018182,0.011054842875018182,0.01072232922042743,0.01072232922042743,0.010085319114016769,0.010085319114016769
2-2-5,1000,t3,cf1_margin,para_boot,0.38241013456153145,0.38241013456153145,0.3809331295484,0.3809331295484,0.3489219808804238,0.3489219808804238,0.3484407773950275,0.3484407773950275,0.34171746876115705,0.34171746876115705,0.31357692259775866,0.31357692259775866,0.2817117065165719,0.2817117065165719,0.27688372842486975,0.27688372842486975,0.2751341608766549,0.2751341608766549,0.2404945645005007,0.2404945645005007
2-2-5,1000,t3,gm_battery,crt_cond,0.0,0.0,0.0,0.0,0.0,0.0,0.0,0.0,0.0,0.0,0.0,0.0,0.0,0.0,0.0,0.0,0.0,0.0,0.0,0.0
2-2-5,1000,t3,gm_battery,para_boot,0.0,0.0,0.0,0.0,0.0,0.0,0.0,0.0,0.0,0.0,0.0,0.0,0.0,0.0,0.0,0.0,0.0,0.0,0.0,0.0
2-2-5,1000,t3,gtest,crt_cond,432.86072327345045,430.73285040456005,430.25516063969155,429.55324212749156,428.98664499342317,428.53373376986855,428.20970008847775,427.9100687732229,427.80409358990096,427.5243524458004,427.4311768724224,427.2646097687357,427.01222679308506,426.78379528275383,426.6922830487474,426.4582390234296,426.19370883542643,426.13522972418156,425.9148599354005,425.68786738728244
2-2-5,1000,t3,gtest,para_boot,443.8305167189301,441.4685470531167,440.2406153101838,439.08575809104855,438.10165974317886,437.2898153094349,436.4577448556793,435.7751608396827,435.1977197595243,434.67524493568567,434.32659083811245,433.9669748240251,433.4577680638223,433.1074526098769,432.61205841923487,432.3078268255466,431.6985604579851,431.0981827469766,430.63856953275035,430.42093553912355
2-2-5,1000,t3,kl_crossfit,para_boot,2.879214395310324,1.7591083348474437,1.6213977565563382,1.6142152773979879,1.6077423178847197,1.5382426565689962,1.3959483754758244,1.3097542154601944,1.2862014459430255,1.2806251701809925,1.152102292346736,1.0544662640990545,0.9476645683602816,0.9243441726267145,0.7855095825140556,0.7309780182714728,0.17916816050661208,0.16817571443592044,0.15200656517185193,0.14802375837192774
2-2-5,1000,t3,kl_plugin,crt_cond,0.02080178580681557,0.02017891290937379,0.019827796724972462,0.012903542589781571,0.012678446331692312,0.012531028581727156,0.012499451089808789,0.012420578993667459,0.012323721808687207,0.012288520682522456,0.012215320273517337,0.012180775328353995,0.012083304589395697,0.011957007910445253,0.011901792631268185,0.011837417793441326,0.011811676186889308,0.011734961375390353,0.01169781526035917,0.011688353518364341
2-2-5,1000,t3,kl_plugin,para_boot,0.028899060797680495,0.02760530197621215,0.019800750670763378,0.013207973678415981,0.01296479104155807,0.012808790911687495,0.012704809303735234,0.012576651336895258,0.012426506533239038,0.01238100699350849,0.012303542528049348,0.012226352245478068,0.012201954623170815,0.012162379308692472,0.012048710971905506,0.01199197425023737,0.011947881871647375,0.01190872299072989,0.011823807403521522,0.011785777520478317
2-2-5,1000,t3,kl_split,para_boot,3.364568692644403,2.9272762135206563,2.7179564153437505,2.343453614893737,2.2906192148985167,2.2777743296460042,1.8278889361810426,1.254845234357604,1.0797546699040221,0.9974388698599507,0.8317484286395622,0.8029947040905581,0.17105691491817623,0.14671974867948376,0.14504205306097545,0.1437761512107332,0.12262930422078676,0.11992238966549623,0.09315487625294755,0.08148157570474635
2-2-5,1000,t3,slack_plugin,para_boot,0.4036554154250541,0.4036554154250541,0.3942215324284705,0.3942215324284705,0.35839340008806375,0.35839340008806375,0.3573484967124745,0.3573484967124745,0.35056131665972634,0.35056131665972634,0.32205708176542047,0.32205708176542047,0.293750962805138,0.293750962805138,0.2902960696308574,0.2902960696308574,0.2867826138231573,0.2867826138231573,0.2580146500084682,0.2580146500084682
2-2-5,2000,none,cf1_margin,para_boot,0.006822179407217502,0.006822179407217502,0.006202618269708512,0.006202618269708512,0.0056573131298228675,0.0056573131298228675,0.0052260661499486626,0.0052260661499486626,0.004718223523354342,0.004718223523354342,0.004537903043336235,0.004537903043336235,0.004346243901315764,0.004346243901315764,0.0039987334498858265,0.0039987334498858265,0.003822006279283832,0.003822006279283832,0.003680727730003581,0.003680727730003581
2-2-5,2000,none,gm_battery,crt_cond,0.0,0.0,0.0,0.0,0.0,0.0,0.0,0.0,0.0,0.0,0.0,0.0,0.0,0.0,0.0,0.0,0.0,0.0,0.0,0.0
2-2-5,2000,none,gm_battery,para_boot,0.0,0.0,0.0,0.0,0.0,0.0,0.0,0.0,0.0,0.0,0.0,0.0,0.0,0.0,0.0,0.0,0.0,0.0,0.0,0.0
2-2-5,2000,none,gtest,crt_cond,1177.8706250504997,1175.9269342175826,1174.9419932261555,1174.6042624002062,1173.9913466380076,1173.60339931633,1173.1514032376808,1172.739072024167,1172.3269520871283,1172.2011145929139,1171.949049037426,1171.700833189231,1171.3557331297698,1171.2347144374303,1170.931451096312,1170.7689245444963,1170.5245109668483,1170.3944126699046,1170.1725205283326,1169.991139219596
2-2-5,2000,none,gtest,para_boot,1207.3354041852372,1202.261844690108,1199.1566525541484,1195.743239721615,1193.6708879918401,1192.3953538248334,1190.4687844460086,1189.1773606384304,1188.3916281845484,1187.0633304125704,1186.1564582979809,1185.2975792345633,1184.5670825391257,1183.8065112237928,1183.120263621128,1182.648567594583,1182.0669174818397,1181.5953636044953,1181.1266921414824,1180.4527645419819
2-2-5,2000,none,kl_crossfit,para_boot,0.017914295303273254,0.015002443258866334,0.013346928981309616,0.011868341929275904,0.010476919682987244,0.009443547019433472,0.008934058923824678,0.008283917286285058,0.007833665192303859,0.007382678514429994,0.007063610408997257,0.006567298202250279,0.00626659082989326,0.005974307728706853,0.005717194566496657,0.00548571474416173,0.005259189731904316,0.00499565573684174,0.004814919127595515,0.0045770744351398196
2-2-5,2000,none,kl_plugin,crt_cond,0.0006279203079872544,0.00044155196059020616,0.0003890867530708923,0.0003273862615442045,0.0002867293607581994,0.0002589455830627952,0.0002446561697405904,0.0002297975478782402,0.00020800397249436787,0.00020136948789596187,0.00019489438785865053,0.00018499186027913018,0.00017532682286858483,0.00017247540847780294,0.00016466074336333512,0.00015246598238024666,0.00014306077142320483,0.00013546253341289283,0.0001262903850068256,0.0001216011893298556
2-2-5,2000,none,kl_plugin,para_boot,0.0005067223814622547,0.0004117372584111799,0.0003593057651587987,0.0003047476884088593,0.0002793449915220771,0.0002621546487211826,0.00024034995289835752,0.00022598938270578555,0.0002146553945343767,0.00019727865621446927,0.00018344294351793012,0.0001747125037311455,0.0001606057212712324,0.00015256468236376366,0.0001462854437969768,0.0001399889412227993,0.00012955594685813072,0.00012646812007975465,0.0001219667820626839,0.0001164805129235722
2-2-5,2000,none,kl_split,para_boot,0.01803977594781444,0.015186118852269356,0.013363812288893958,0.011903952236598589,0.010491918295586227,0.009496953146460672,0.008989641626114079,0.008369194010054683,0.007895039540791293,0.007471721959323984,0.007132198100083987,0.006615298563522849,0.006271321978386008,0.005960818490648255,0.005734944190000509,0.005477790691330321,0.005243047902436856,0.005001611697630737,0.004824439723688028,0.004585826537150317
2-2-5,2000,none,slack_plugin,para_boot,0.01364435881443496,0.01364435881443496,0.012405236539417004,0.012405236539417004,0.011314626259645728,0.011314626259645728,0.010452132299897337,0.010452132299897337,0.00943644704670868,0.00943644704670868,0.009075806086672474,0.009075806086672474,0.008692487802631526,0.008692487802631526,0.007997466899771658,0.007997466899771658,0.007644012558567666,0.007644012558567666,0.007361455460007168,0.007361455460007168
2-2-5,2000,t3,cf1_margin,para_boot,0.3131779125001277,0.3131779125001277,0.3089850790571262,0.3089850790571262,0.30511270210363045,0.30511270210363045,0.3046348018628514,0.3046348018628514,0.3035722678922247,0.3035722678922247,0.2755033603747177,0.2755033603747177,0.24097648987943998,0.24097648987943998,0.2407089105572311,0.2407089105572311,0.24049271728052263,0.24049271728052263,0.24034680144551068,0.24034680144551068
2-2-5,2000,t3,gm_battery,crt_cond,0.0,0.0,0.0,0.0,0.0,0.0,0.0,0.0,0.0,0.0,0.0,0.0,0.0,0.0,0.0,0.0,0.0,0.0,0.0,0.0
2-2-5,2000,t3,gm_battery,para_boot,0.0,0.0,0.0,0.0,0.0,0.0,0.0,0.0,0.0,0.0,0.0,0.0,0.0,0.0,0.0,0.0,0.0,0.0,0.0,0.0
2-2-5,2000,t3,gtest,crt_cond,866.737640025632,863.8255631628534,862.8326370746571,861.8054166844755,861.513942346955,861.2558128928081,860.8291206422367,860.4116664233021,860.1002318540809,859.8666957194486,859.4629284478507,859.1904085107445,858.9026606713303,858.7095579224934,858.3839068193107,858.1671379420528,857.9044503498397,857.7058542914003,857.5140360062541,857.3809022688612
2-2-5,2000,t3,gtest,para_boot,883.1897077152227,878.9978344053031,876.9989484950678,875.4790231726156,874.0001731108915,872.5883321798872,871.4499023808601,870.4868357743155,869.7396022525787,869.0942816296306,868.4422568012982,867.9959675705121,867.2805350184592,866.8034922492466,866.2919873298899,865.9097278503411,865.7148150546163,865.0501604236415,864.2746826459653,863.6314905362718
2-2-5,2000,t3,kl_crossfit,para_boot,0.2153357301506169,0.20914024582798435,0.20723190082341977,0.18939972784421974,0.18755946057429218,0.18477438383057196,0.17404135594296472,0.172266689057251,0.17156193560902575,0.17090911848971874,0.17049491672654776,0.16998597575866764,0.16894473551259204,0.16794965827753108,0.1649672533789286,0.1641911291412024,0.14906281492387924,0.14754481905374645,0.12695093921487222,0.12648879177152683
2-2-5,2000,t3,kl_plugin,crt_cond,0.02011980948858781,0.017988327651726765,0.012747605300302771,0.01265379999509706,0.012483857151370603,0.012363682120161932,0.012313209683176483,0.012254493502832418,0.012119341771569085,0.012094447757772424,0.011975251005931574,0.011955565485060387,0.011864538018810685,0.011818449949980402,0.011108347013878646,0.010963295058232281,0.010871832665267195,0.010841208037220985,0.010818116491121786,0.010623101768220554
2-2-5,2000,t3,kl_plugin,para_boot,0.022049254731800298,0.020068692243019652,0.016537502886705392,0.01633390483736355,0.01254481724282993,0.012202289637455888,0.011999629650317948,0.011788580763702289,0.011593012057051098,0.01151461979065539,0.01145770240126689,0.011278500802670191,0.011210823465461407,0.011041812295107235,0.010975141333506043,0.010945689541903872,0.010856483335669654,0.009080041712042446,0.00901428645554957,0.008804827232812555
2-2-5,2000,t3,kl_split,para_boot,0.12302710573281164,0.11489261282106662,0.11154847602359348,0.09549678823375767,0.09368700552087399,0.0911279731639789,0.09026602390701559,0.08852680979109545,0.08303391485957307,0.08191039322062671,0.08056145663373389,0.07969514692613516,0.07885192388417238,0.07811677030297097,0.07684497728262742,0.0760553941065783,0.06364559742936421,0.060860782462480265,0.04060127829314019,0.039240161385107525
2-2-5,2000,t3,slack_plugin,para_boot,0.3354055106398259,0.3354055106398259,0.3269774395327394,0.3269774395327394,0.31909426305108224,0.31909426305108224,0.31801286424485126,0.31801286424485126,0.3156586054096302,0.3156586054096302,0.2871525714525647,0.2871525714525647,0.25901440523042063,0.25901440523042063,0.2585216508070863,0.2585216508070863,0.2582276868283351,0.2582276868283351,0.258061453482984,0.258061453482984
2-2-8,500,none,cf1_margin,para_boot,0.01354519650485112,0.01354519650485112,0.01354519650485112,0.0115267104183693,0.0115267104183693,0.0115267104183693,0.010262717119844667,0.010262717119844667,0.010262717119844667,0.010262717119844667,0.009693775735939289,0.009693775735939289,0.009693775735939289,0.008916009284091678,0.008916009284091678,0.008916009284091678,0.008916009284091678,0.00808674960233921,0.00808674960233921,0.00808674960233921
2-2-8,500,none,gm_battery,crt_cond,0.0,0.0,0.0,0.0,0.0,0.0,0.0,0.0,0.0,0.0,0.0,0.0,0.0,0.0,0.0,0.0,0.0,0.0,0.0,0.0
2-2-8,500,none,gm_battery,para_boot,0.0,0.0,0.0,0.0,0.0,0.0,0.0,0.0,0.0,0.0,0.0,0.0,0.0,0.0,0.0,0.0,0.0,0.0,0.0,0.0
2-2-8,500,none,gtest,crt_cond,334.53894974846486,333.268655310638,332.3319008336234,331.7393190834552,331.45814556939865,331.2225655885337,330.95736873994133,330.68367233202224,330.45778272893057,330.1992575911119,329.9940434434275,329.80075783102325,329.57668201197407,329.32826125426504,329.17784816004405,329.02799428283265,328.8647752438283,328.76113815787744,328.5568570599901,328.4655452147523
2-2-8,500,none,gtest,para_boot,347.8847451229731,344.21835106199376,342.93418319047095,341.5461167715516,340.4961170061315,339.3665531505533,338.85094832740583,338.13659079100006,337.4188888877458,336.778104981667,336.1991022653818,335.8991852251918,335.42162039524896,335.0150864662957,334.72757118114407,334.3859138573237,334.04666208209966,333.7492374148388,333.31625091121003,332.88711799882617
2-2-8,500,none,kl_crossfit,para_boot,0.07879187094935275,0.059651677951019444,0.05123501521509058,0.04346400273843783,0.04032787391582143,0.037178321609884143,0.03507754536715595,0.033483868844369824,0.03156205745731902,0.029732748796256814,0.028185211409900473,0.02697547438679633,0.025811377344791452,0.024713890908685074,0.023716080876965483,0.02253215903236729,0.02196492383166163,0.02086671058768577,0.01994083672615679,0.01914681644977707
2-2-8,500,none,kl_plugin,crt_cond,0.0023589180332701555,0.0016985588734658072,0.0014162712147046102,0.0012919848998553707,0.0011915970068811438,0.001123196089250262,0.0010228401767294248,0.0009468247710165972,0.0009050296105529326,0.0008450234757579403,0.0008074633448996227,0.0007524963381146707,0.000723543224907392,0.000673533272631326,0.000647198287509959,0.000586892455356284,0.0005690914382133923,0.0005434055793712288,0.0005191241825583233,0.0004893349358060489
2-2-8,500,none,kl_plugin,para_boot,0.0020416012111160557,0.001590743967961654,0.0013069648839761283,0.0011787662817585986,0.001108638235111777,0.001016505003965894,0.0009916969859211204,0.0009465981070793478,0.0009025204571648949,0.0008518313275040243,0.0008083895564003255,0.0007772328756466527,0.0007267833446832633,0.0006864831912876246,0.0006546985849139818,0.0006159108255235353,0.0005864814268197752,0.0005403875444832778,0.0004968013571617424,0.00048269218406585664
2-2-8,500,none,kl_split,para_boot,0.07913428586543526,0.06084079937846662,0.052695543422509566,0.04382410467877308,0.04047593457039217,0.037598538256721284,0.03523316293939207,0.03373826903019924,0.03169338689017834,0.02982344687149975,0.02837827596418875,0.027173340877101562,0.02600980792323336,0.02489277373046717,0.02375917873026978,0.022675412289658508,0.022017862201085498,0.02090764973768132,0.01988260936408853,0.0191950824225035
2-2-8,500,none,slack_plugin,para_boot,0.027090393009702216,0.027090393009702216,0.027090393009702216,0.023053420836738593,0.023053420836738593,0.023053420836738593,0.020525434239689333,0.020525434239689333,0.020525434239689333,0.020525434239689333,0.019387551471878577,0.019387551471878577,0.019387551471878577,0.01783201856818336,0.01783201856818336,0.01783201856818336,0.01783201856818336,0.016173499204678424,0.016173499204678424,0.016173499204678424
2-2-8,500,t3,cf1_margin,para_boot,0.38468527122343743,0.38468527122343743,0.38468527122343743,0.3835237618038636,0.3835237618038636,0.3835237618038636,0.3538596704936406,0.3538596704936406,0.3538596704936406,0.3538596704936406,0.3536886782318154,0.3536886782318154,0.3536886782318154,0.31483333613501724,0.31483333613501724,0.31483333613501724,0.31483333613501724,0.31446647856612864,0.31446647856612864,0.31446647856612864
2-2-8,500,t3,gm_battery,crt_cond,0.0,0.0,0.0,0.0,0.0,0.0,0.0,0.0,0.0,0.0,0.0,0.0,0.0,0.0,0.0,0.0,0.0,0.0,0.0,0.0
2-2-8,500,t3,gm_battery,para_boot,0.0,0.0,0.0,0.0,0.0,0.0,0.0,0.0,0.0,0.0,0.0,0.0,0.0,0.0,0.0,0.0,0.0,0.0,0.0,0.0
2-2-8,500,t3,gtest,crt_cond,232.59774979229965,231.74889965679435,231.45265791325266,231.1466374448463,230.90756059496243,230.65002876401397,230.49907313382357,230.23559758210618,230.09051102693013,229.89124582625305,229.57781601150842,229.50504810628414,229.47686140553571,229.4034197777058,229.2906945719805,228.92046247453925,228.84740411987346,228.81133212070654,228.78224011143448,228.72629810832348
2-2-8,500,t3,gtest,para_boot,242.87263314362846,240.40638948206322,239.41432495134995,238.62944975951652,237.6685616481088,237.1680367095739,236.7070251470791,236.5972752736102,236.05974519443967,235.45067506846712,235.18665607451578,234.6500750545057,234.38344393071577,234.1346367247676,233.7450281531693,233.45244490309577,233.36091539611684,233.0622815922933,232.78393708951197,232.4238146377278
2-2-8,500,t3,kl_crossfit,para_boot,2.5777294603913092,2.5536722426281107,1.6704603401178821,1.3326734476282545,0.9358437576635086,0.8959124920118025,0.8922092286531811,0.8582156784909141,0.8551457332256533,0.827674265810749,0.7870967203995716,0.7730922979193547,0.4023671222896066,0.4005153629203704,0.3900103280320982,0.3864625443326531,0.36584507266349403,0.36485787174843987,0.36361999076349566,0.35060127707526834
2-2-8,500,t3,kl_plugin,crt_cond,0.02541870155145471,0.023052966412806963,0.015635728888675003,0.014786068914274232,0.01437396321540435,0.01416033147783134,0.013898909776784405,0.013743524077992056,0.013130584419172055,0.012972260982835496,0.006850949753044401,0.006727309577807719,0.006587091605257353,0.006517388798877825,0.006380356554091185,0.00632435307698855,0.006268602452332853,0.006202619898530639,0.0061482544054300035,0.006075837213628845
2-2-8,500,t3,kl_plugin,para_boot,0.024600158698236983,0.01629124507642897,0.015282991775938368,0.014952945723736503,0.014697243538838826,0.014280751239129983,0.014066831330416767,0.013718152036756685,0.0073120873975980666,0.0072231348720939665,0.006969325138148015,0.006840715781304856,0.006709957422229544,0.006653380068133646,0.006539518684982245,0.006494886077061613,0.006366204755554299,0.006218801436782452,0.0061863199754803025,0.006132863468028101
2-2-8,500,t3,kl_split,para_boot,2.653376132167139,2.606916012489101,1.926362614777909,1.4996153460902355,1.3385887005096617,1.1918914035831583,0.7545154581029789,0.7004151659530633,0.6063994459685227,0.514393853187209,0.5118338014741828,0.43582309805862124,0.42027672524772264,0.39558580020100353,0.1789659825121415,0.1643662953381439,0.1580251868496045,0.15532647052378928,0.14151311548960466,0.14031235613459103
2-2-8,500,t3,slack_plugin,para_boot,0.40118973639031735,0.40118973639031735,0.40118973639031735,0.3987553837725012,0.3987553837725012,0.3987553837725012,0.36703797826183027,0.36703797826183027,0.36703797826183027,0.36703797826183027,0.3665289930701772,0.3665289930701772,0.3665289930701772,0.3301509742072423,0.3301509742072423,0.3301509742072423,0.3301509742072423,0.3233774015767017,0.3233774015767017,0.3233774015767017
2-2-8,1000,none,cf1_margin,para_boot,0.008121083723737915,0.008121083723737915,0.008121083723737915,0.006550587592264469,0.006550587592264469,0.006550587592264469,0.0059525560599223235,0.0059525560599223235,0.0059525560599223235,0.0059525560599223235,0.005589667557861657,0.005589667557861657,0.005589667557861657,0.005229631017282795,0.005229631017282795,0.005229631017282795,0.005229631017282795,0.0048749486917484645,0.0048749486917484645,0.0048749486917484645
2-2-8,1000,none,gm_battery,crt_cond,0.0,0.0,0.0,0.0,0.0,0.0,0.0,0.0,0.0,0.0,0.0,0.0,0.0,0.0,0.0,0.0,0.0,0.0,0.0,0.0
2-2-8,1000,none,gm_battery,para_boot,0.0,0.0,0.0,0.0,0.0,0.0,0.0,0.0,0.0,0.0,0.0,0.0,0.0,0.0,0.0,0.0,0.0,0.0,0.0,0.0
2-2-8,1000,none,gtest,crt_cond,658.139305548,656.439544932614,655.780809919874,655.2074343542375,654.4065237469742,653.7970898859926,653.3782244874478,652.988022991243,652.647937395594,652.4270300830472,652.237788492806,651.9840508161083,651.6204475057212,651.3581122133005,651.0116954672104,650.7631173928493,650.5426690577017,650.3552693370569,650.2064486327185,650.0004980289658
2-2-8,1000,none,gtest,para_boot,676.7086281821579,673.3723051826128,671.1805246468133,668.7681131768651,667.0902730739226,665.9918856671861,664.8604087179153,664.1053632948818,663.1853955361394,662.6789086430573,662.0767896634446,661.5682575598119,660.7423387855083,660.2193984921524,659.3702233601315,658.9953295559758,658.3821373065516,657.7837506125321,657.1832857829012,656.6171350385008
2-2-8,1000,none,kl_crossfit,para_boot,0.03775179344126412,0.028971739409515695,0.025209268337528803,0.022900947903881936,0.020205269432084855,0.01890173679808064,0.0177472629024958,0.016971398224974975,0.01559953030196998,0.014701802486260558,0.014032167659109094,0.013518203986773199,0.012952277038419027,0.01226547311430852,0.011719134758886425,0.011103637523893227,0.01071963597112977,0.010317329811806681,0.009858122304013853,0.00950834491990625
2-2-8,1000,none,kl_plugin,crt_cond,0.0010000643928496583,0.0008145884633980923,0.0007224765549567447,0.0006125540345696398,0.0005514404572198324,0.0004944458778440026,0.00047086490738939445,0.00044761353094170697,0.0004260758811884373,0.00040158322627777425,0.0003798542215910461,0.00036688786054993555,0.00035478770619814127,0.00034405263129419494,0.0003262194140330564,0.0003098422922700264,0.0002854249884605879,0.0002748490084792704,0.00026297488029592065,0.0002509208201619472
2-2-8,1000,none,kl_plugin,para_boot,0.0011916148586821652,0.0007004287078438129,0.0006417086023347381,0.0005542395232206939,0.0005120377611037767,0.00046766636491530917,0.0004471085382141112,0.0004143501625923321,0.00039311180108985897,0.00036575314285903246,0.00034190561586303086,0.00033002659675909134,0.0003142409245642812,0.0003027429429095904,0.0002869142186291871,0.0002711565445120648,0.0002562930621535358,0.0002485114389886067,0.00023706452100180143,0.00022431898659076873
2-2-8,1000,none,kl_split,para_boot,0.03749527706894721,0.029049828585202758,0.02539982669524558,0.022880187583732912,0.020176659270867436,0.018879861418216445,0.017894416673685756,0.016994276220160413,0.0155785968532225,0.01478070310792652,0.014075407021171521,0.013487941522214693,0.012972731550669641,0.012384206277429192,0.01173122036939302,0.011161739889990516,0.01076317502919971,0.010397501628262435,0.00995370126522437,0.009541338680604122
2-2-8,1000,none,slack_plugin,para_boot,0.016242167447475794,0.016242167447475794,0.016242167447475794,0.013101175184528942,0.013101175184528942,0.013101175184528942,0.01190511211984465,0.01190511211984465,0.01190511211984465,0.01190511211984465,0.01117933511572332,0.01117933511572332,0.01117933511572332,0.010459262034565599,0.010459262034565599,0.010459262034565599,0.010459262034565599,0.009749897383496933,0.009749897383496933,0.009749897383496933
2-2-8,1000,t3,cf1_margin,para_boot,0.35427668930992817,0.35427668930992817,0.35427668930992817,0.35275950478137164,0.35275950478137164,0.35275950478137164,0.2966430511723327,0.2966430511723327,0.2966430511723327,0.2966430511723327,0.2960396262822483,0.2960396262822483,0.2960396262822483,0.29256665915496183,0.29256665915496183,0.29256665915496183,0.29256665915496183,0.29197730964391577,0.29197730964391577,0.29197730964391577
2-2-8,1000,t3,gm_battery,crt_cond,0.0,0.0,0.0,0.0,0.0,0.0,0.0,0.0,0.0,0.0,0.0,0.0,0.0,0.0,0.0,0.0,0.0,0.0,0.0,0.0
2-2-8,1000,t3,gm_battery,para_boot,0.0,0.0,0.0,0.0,0.0,0.0,0.0,0.0,0.0,0.0,0.0,0.0,0.0,0.0,0.0,0.0,0.0,0.0,0.0,0.0
2-2-8,1000,t3,gtest,crt_cond,460.45404036311396,459.9266554013553,459.14116642981895,458.69206120616883,458.2292290417278,457.9837948558655,457.78682439280834,457.447488850016,457.0588451661042,456.7600904622577,456.5887030788477,456.40683155580217,456.2034264164321,456.03034281081705,455.9798769818992,455.8370181626265,455.6638174235,455.5715083139628,455.5178678036955,455.2289828511351
2-2-8,1000,t3,gtest,para_boot,476.05752354079254,473.37510397515064,471.96388964577886,470.6340135582749,469.39439491974986,468.37157194661955,467.5372309957805,466.3263558162757,465.766017056906,465.206946273484,464.8726026231868,464.20743909013373,463.6917985544221,463.41009591603574,462.9088370944992,462.53352873266147,462.0336095188238,461.7721946583427,461.17022546489875,460.8122926445391
2-2-8,1000,t3,kl_crossfit,para_boot,2.2260472321120957,1.8265542462853814,1.753713553270172,1.3596477878429067,1.2491583335709733,0.9704756480715299,0.9660151427927602,0.8938047373460445,0.5887253646754327,0.5873008548400688,0.5679738989835781,0.5631386025887147,0.5392057937122343,0.4865064965485016,0.48394855880170085,0.4473128805431281,0.4144249176816469,0.38562613742292434,0.3553733216661177,0.31544280721859913
2-2-8,1000,t3,kl_plugin,crt_cond,0.03411273077276154,0.033025735190388025,0.025008479156183115,0.024678424218353087,0.02445513304392817,0.024276020219079493,0.024177921960600927,0.02373266917191249,0.01681300222713632,0.01663236485944347,0.016475151163708276,0.01635383334478234,0.016180238039218146,0.008930376674870202,0.008847823604253522,0.008800971239070414,0.008769585108194304,0.008671947585171624,0.00862909662225761,0.008596742190265292
2-2-8,1000,t3,kl_plugin,para_boot,0.033571646084254586,0.032696311501654446,0.024756526151931937,0.016936563973449514,0.016772674962493093,0.009248991853999609,0.009215441396856667,0.009105722564804535,0.008948463144120573,0.00888571863410707,0.00874318975852801,0.008689421474682933,0.008649272196687012,0.008606283118704166,0.008521757425425804,0.008484788533355998,0.008390763578709153,0.008278807629572846,0.008258264308076031,0.008242429906617508
2-2-8,1000,t3,kl_split,para_boot,2.6308755014148257,2.1642280312175495,1.6485669462397325,1.5894928925540341,1.1343233153532788,0.6420275082673067,0.555294865174967,0.5166963195600706,0.4776068901495868,0.37060395833649196,0.34527066662231937,0.24341786071733573,0.10024839981401369,0.09760276340042652,0.09300050559277252,0.08974239561915377,0.08741475470986057,0.0856081289252753,0.06203524556846585,0.058181337637952094
2-2-8,1000,t3,slack_plugin,para_boot,0.3829778030442808,0.3829778030442808,0.3829778030442808,0.3722829957711739,0.3722829957711739,0.3722829957711739,0.3016194356779987,0.3016194356779987,0.3016194356779987,0.3016194356779987,0.3004125858978299,0.3004125858978299,0.3004125858978299,0.2999453525664023,0.2999453525664023,0.2999453525664023,0.2999453525664023,0.29929495962817193,0.29929495962817193,0.29929495962817193
2-2-8,2000,none,cf1_margin,para_boot,0.0072416481668614386,0.0072416481668614386,0.0072416481668614386,0.005954464579265152,0.005954464579265152,0.005954464579265152,0.005082022131840138,0.005082022131840138,0.005082022131840138,0.005082022131840138,0.004743292073394007,0.004743292073394007,0.004743292073394007,0.004189511804594811,0.004189511804594811,0.004189511804594811,0.004189511804594811,0.003741756017786064,0.003741756017786064,0.003741756017786064
2-2-8,2000,none,gm_battery,crt_cond,0.0,0.0,0.0,0.0,0.0,0.0,0.0,0.0,0.0,0.0,0.0,0.0,0.0,0.0,0.0,0.0,0.0,0.0,0.0,0.0
2-2-8,2000,none,gm_battery,para_boot,0.0,0.0,0.0,0.0,0.0,0.0,0.0,0.0,0.0,0.0,0.0,0.0,0.0,0.0,0.0,0.0,0.0,0.0,0.0,0.0
2-2-8,2000,none,gtest,crt_cond,1313.1271430433528,1310.243754015373,1308.3607503272533,1307.6193977317462,1306.9524853011199,1306.3305722612834,1305.6362133460125,1305.0755429926587,1304.5271153708593,1304.161848893436,1303.714060252084,1303.0568433939782,1302.7692981815771,1302.5715954102334,1302.0187906654592,1301.6661624821686,1301.344844584476,1301.0285884465038,1300.7425749952743,1300.4937201487264
2-2-8,2000,none,gtest,para_boot,1339.9023295978184,1334.489797547034,1331.3325294116357,1328.361235080167,1326.0531218095841,1324.5800096462085,1322.9294882157783,1321.485421051909,1320.2166702030352,1318.7453325418633,1317.7874076727674,1316.7719915487096,1316.0200033838662,1315.219124597803,1314.2411506474916,1313.8808605131967,1313.0005744606965,1312.4720521127415,1311.7809161876519,1311.0479481687369
2-2-8,2000,none,kl_crossfit,para_boot,0.018903081407114813,0.014666958035486424,0.012227235332119191,0.011416282246872285,0.010101918362930366,0.00916495225386557,0.008669478965246712,0.00807974430478973,0.007570684664427093,0.007229889063544136,0.0069356704569995785,0.006644198535195044,0.006323002091638409,0.006062059305161889,0.005714142519135218,0.005455318361411949,0.005199706330634718,0.004997495153100664,0.0048198118323661224,0.004632939498399698
2-2-8,2000,none,kl_plugin,crt_cond,0.0005870869386967767,0.00035315461847719865,0.0003197598904320526,0.00027307008495449617,0.0002479227888692326,0.00023281942230605785,0.00022451526803046596,0.00021155890234375124,0.00019702400809814278,0.00018567898083676594,0.00018015401159135022,0.00017175783339449833,0.00016557471400859906,0.00016071332545418242,0.00014878278749404523,0.00014100688260357643,0.00013633408736888418,0.0001289263481179503,0.00012326429973685737,0.0001139808336354156
2-2-8,2000,none,kl_plugin,para_boot,0.0005804196345707161,0.0004692114719760831,0.0004020752252928056,0.0003279042941743069,0.00029847214426661464,0.0002691682677356991,0.0002430718517001208,0.000226398025518445,0.0002139740059505518,0.00020676684059167306,0.00018672038834511293,0.000168042122978669,0.0001608424111368303,0.0001516628348152141,0.00013970882720344455,0.0001308225962235657,0.00012573608403370848,0.00011892304351940755,0.00011560873714505311,0.00010941531145116174
2-2-8,2000,none,kl_split,para_boot,0.01889776084751194,0.014703481850990824,0.012312620784839957,0.011533589479340373,0.010236446685450103,0.009202585319701802,0.008715381841837124,0.008148359233600772,0.007619149313419404,0.007255793686916354,0.0069640363611325135,0.006689201236935117,0.00636437414086956,0.00605878729036607,0.00572609924410939,0.005481323925706574,0.005233751518767661,0.005030980616797928,0.004856342482241185,0.004664023573151639
2-2-8,2000,none,slack_plugin,para_boot,0.014483296333722853,0.014483296333722853,0.014483296333722853,0.011908929158530299,0.011908929158530299,0.011908929158530299,0.010164044263680271,0.010164044263680271,0.010164044263680271,0.010164044263680271,0.009486584146788012,0.009486584146788012,0.009486584146788012,0.008379023609189629,0.008379023609189629,0.008379023609189629,0.008379023609189629,0.007483512035572132,0.007483512035572132,0.007483512035572132
2-2-8,2000,t3,cf1_margin,para_boot,0.3106759234203222,0.3106759234203222,0.3106759234203222,0.3090153754542948,0.3090153754542948,0.3090153754542948,0.25283895631401054,0.25283895631401054,0.25283895631401054,0.25283895631401054,0.2509108122223166,0.2509108122223166,0.2509108122223166,0.24930477971307288,0.24930477971307288,0.24930477971307288,0.24930477971307288,0.24878462809541604,0.24878462809541604,0.24878462809541604
2-2-8,2000,t3,gm_battery,crt_cond,0.0,0.0,0.0,0.0,0.0,0.0,0.0,0.0,0.0,0.0,0.0,0.0,0.0,0.0,0.0,0.0,0.0,0.0,0.0,0.0
2-2-8,2000,t3,gm_battery,para_boot,0.0,0.0,0.0,0.0,0.0,0.0,0.0,0.0,0.0,0.0,0.0,0.0,0.0,0.0,0.0,0.0,0.0,0.0,0.0,0.0
2-2-8,2000,t3,gtest,crt_cond,918.7070894707026,916.7185624068372,916.2256311477294,915.1299281185952,914.4815891345578,914.3554390773281,914.0937188583775,913.7267728878303,913.4452053501999,913.1010551844216,912.7307804742923,912.4836922818735,912.2069447017208,912.0539420731388,911.9469444199351,911.8913119874235,911.7609470750111,911.4650043484222,911.4061728927053,911.3083277583778
2-2-8,2000,t3,gtest,para_boot,940.9431908666625,936.1932532884491,933.8751845946003,932.4470965977857,929.7489331443131,928.8716849795115,927.5568830870527,926.4328706988939,925.3620509912016,924.6625487712158,923.9843427526126,923.3030896162467,922.5825265860143,921.9338901450374,921.1980888034985,920.8667177977854,920.6573141074178,919.9335716612087,919.0281406908731,918.4612065427825
2-2-8,2000,t3,kl_crossfit,para_boot,0.5991198101769366,0.5818761287579121,0.5782417716595925,0.5097396440195291,0.47150528858047935,0.19695544961692432,0.18386122343018652,0.18211612621682383,0.18121536768995786,0.18061602212854516,0.16294867681365208,0.16159053062727485,0.15866235963341252,0.143965234610206,0.14339701312152708,0.14271373884601687,0.1417592111852361,0.13986890695821871,0.13833311673701398,0.13778383622567975
2-2-8,2000,t3,kl_plugin,crt_cond,0.01986763016118163,0.019055314088277438,0.018874455070964073,0.018133037917227486,0.018008502138922956,0.0178272162411255,0.017665006220322663,0.01754106779473914,0.017515527787346198,0.017483754752085075,0.01738915052491789,0.017373422628662406,0.017271176050199174,0.01709840688179321,0.01236938827234004,0.012230338110934429,0.011843798959157702,0.011721210683595168,0.004544169623920271,0.004499029468856033
2-2-8,2000,t3,kl_plugin,para_boot,0.024143291088895204,0.022533006301048986,0.020328325668833528,0.01895164914734835,0.01880310830343995,0.01847358576825077,0.018278649167911238,0.010323752170883499,0.010120687977609774,0.010027077772800314,0.009910019775139865,0.009850147021889518,0.009778011978379015,0.009761059221767095,0.009671680333247766,0.009625355584975907,0.009555483770466453,0.009492898560789555,0.009399238777860985,0.0093288739125874
2-2-8,2000,t3,kl_split,para_boot,0.8275335193373138,0.8127920437025129,0.43984536900178345,0.12954863234624958,0.09960480854024037,0.09407594526831603,0.08919294217701373,0.08713234741750138,0.08634478462774081,0.07469819051384977,0.057290239763931515,0.05615041832571191,0.05384103504465432,0.03544162694798071,0.033801144360582194,0.03295999572569687,0.03163610500520932,0.030497022602260917,0.024907804553073187,0.0242471734294808
2-2-8,2000,t3,slack_plugin,para_boot,0.33638992143349633,0.33638992143349633,0.33638992143349633,0.32636408424192287,0.32636408424192287,0.32636408424192287,0.26956680151691004,0.26956680151691004,0.26956680151691004,0.26956680151691004,0.2657105133335221,0.2657105133335221,0.2657105133335221,0.2624984483150346,0.2624984483150346,0.2624984483150346,0.2624984483150346,0.26145814507972104,0.26145814507972104,0.26145814507972104
