analysis,method,trim,B,stat_obs,cell,n_env,cv_0.01,cv_0.02,cv_0.03,cv_0.04,cv_0.05,cv_0.06,cv_0.07,cv_0.08,cv_0.09,cv_0.10,cv_0.11,cv_0.12,cv_0.13,cv_0.14,cv_0.15,cv_0.16,cv_0.17,cv_0.18,cv_0.19,cv_0.20,K_strata,reject_05_own,cv_env_05,reject_05_env
R1_card,kl_plugin,-1.0,199,0.0,2-2-4,2000.0,3.305083190395778e-16,2.225155415306011e-16,2.0887093838669542e-16,2.073208345342441e-16,1.991441502177378e-16,1.7869547726374479e-16,1.7034765373105938e-16,1.614530272495084e-16,1.5257376599680242e-16,1.375462242147796e-16,1.274763429051839e-16,1.148584473235716e-16,1.1208737564389614e-16,1.077256104398908e-16,8.708414676225518e-17,7.85814791806523e-17,6.781785261947257e-17,6.55940041933491e-17,6.289386512528119e-17,6.055786329302011e-17,,0.0,,False
R1_card,kl_split,-1.0,199,0.0181674799194107,2-2-4,2000.0,0.0346185436902057,0.0343106582924998,0.0335440289402176,0.0330404044220695,0.0327645581728044,0.0327124233391429,0.0324819544593071,0.0324212182592232,0.032315069393844,0.0320879306214524,0.0318308041132844,0.0317718034682273,0.031684420148345,0.0315709873346991,0.0313862646162602,0.0313369025533001,0.0312653257970577,0.0312280613618081,0.0311969764562606,0.0311736909721951,,0.0,,False
R1_card,kl_crossfit,-1.0,199,0.0180170599845669,2-2-4,2000.0,0.0339038979859047,0.0335975551268893,0.0332296364752863,0.032818020087509,0.0326818507205349,0.0323226696582754,0.032157846125968,0.0319356375985972,0.0317570204707429,0.0315915802402916,0.0315050781407264,0.0314567609659342,0.0312109595810717,0.0311640229451922,0.0310279773805057,0.030897179618737,0.0305908900389536,0.030542656516602,0.0304727280109057,0.0303613307199574,,0.0,,False
R1_card,cf1_margin,-1.0,199,0.0,2-2-4,2000.0,2.220446049250313e-16,2.220446049250313e-16,2.220446049250313e-16,2.220446049250313e-16,2.220446049250313e-16,2.220446049250313e-16,2.220446049250313e-16,1.1102230246251563e-16,1.1102230246251563e-16,1.1102230246251563e-16,1.1102230246251563e-16,1.1102230246251563e-16,1.1102230246251563e-16,1.1102230246251563e-16,1.1102230246251563e-16,1.1102230246251563e-16,1.1102230246251563e-16,1.1102230246251563e-16,1.1102230246251563e-16,1.1102230246251563e-16,,0.0,,False
R1_card,slack_plugin,-1.0,199,0.0,2-2-4,2000.0,0.0,0.0,0.0,0.0,0.0,0.0,0.0,0.0,0.0,0.0,0.0,0.0,0.0,0.0,0.0,0.0,0.0,0.0,0.0,0.0,,0.0,,False
R1_card,gm_battery,-1.0,199,0.0,2-2-4,2000.0,0.0,0.0,0.0,0.0,0.0,0.0,0.0,0.0,0.0,0.0,0.0,0.0,0.0,0.0,0.0,0.0,0.0,0.0,0.0,0.0,,0.0,,False
R1_card,gtest,-1.0,199,121.8570430621942,2-2-4,2000.0,174.2248709202494,167.96589360273927,166.18915793078165,164.45869387539173,158.93469954213833,153.94865255070988,151.96691805068292,151.61040788067916,150.0536740541199,148.53669916633913,148.3484107540377,147.3289839562478,146.082841451732,144.4125763526621,143.85657803549842,143.4926972663219,141.35241394142855,140.0285389151853,138.49154069940093,138.32386597627303,,0.0,,False
R1_card,k1,0.05,199,0.0052837031055072,,,0.0082228988425715,0.0072779474950482,0.0071158348791914,0.0065956855497081,0.0063896542024506,0.0063576038050152,0.006227762341335,0.0060042170078599,0.0059419429951881,0.0056484813635739,0.0055975011542234,0.0054968578660022,0.0053644897202701,0.0051277362215219,0.0050624893572687,0.0050392168167866,0.0049984163511684,0.0049700883974157,0.0048072074218584,0.0045131157149947,4.0,0.0,,False
R1_card,k2,0.05,199,0.1285754433483588,,,0.1600117911272499,0.1477455948734381,0.1413355211062608,0.1370744368634177,0.1300470805633033,0.1254769152116072,0.1141023779096844,0.1131115666913652,0.1112806269716832,0.1079424023498171,0.1054993793553766,0.1037178281246186,0.0960989410509116,0.0934896767972141,0.0922172596391223,0.0891651154041184,0.0887552329545966,0.0859361969960465,0.0842172715159413,0.0834847645162092,4.0,0.0,,False
R1_card,hsic,0.0,0,0.0007407287319146,,,,,,,,,,,,,,,,,,,,,,,4.0,,,False
R4_card_placebo,kl_plugin,-1.0,199,0.0,2-2-4,2000.0,2.8801375939586733e-16,2.1750125927135426e-16,1.8578653418970655e-16,1.7616878730240739e-16,1.6136255745093508e-16,1.5424965827442648e-16,1.5361952657883135e-16,1.3194930353617416e-16,1.192701550018996e-16,1.1424328671818427e-16,1.0834854076246535e-16,1.0736526153780868e-16,1.0593708776291356e-16,9.891845009528012e-17,9.144211279760071e-17,9.079042288682304e-17,8.858433497902218e-17,7.923140478445171e-17,7.029291746976106e-17,6.255112345643192e-17,,0.0,,False
R4_card_placebo,kl_split,-1.0,199,0.0314105477706556,2-2-4,2000.0,0.0349519879660878,0.0342328474332192,0.033427878913447,0.0332830999600475,0.0327118519851898,0.0325809051692922,0.0325284388240321,0.0324452785928068,0.0321936958866664,0.0320331495546518,0.0319161286159918,0.0318724826562185,0.0318069323220325,0.0316985573626638,0.0316825576881921,0.0314612910706752,0.0314191682910776,0.0312581144486484,0.0311510898759217,0.0310666500865684,,0.0,,False
R4_card_placebo,kl_crossfit,-1.0,199,0.030116461291681,2-2-4,2000.0,0.0336794493516072,0.0332342871955776,0.0330837493111062,0.0325524462122211,0.0324710649077487,0.032404206500819,0.0319567225382177,0.0318825469618132,0.0317923301401522,0.0316513463653495,0.0315868610646807,0.0314977671180197,0.0314102868215716,0.0313103277593986,0.0312164307275567,0.0311636809888867,0.0310855309783887,0.0310327878368183,0.0309734270091317,0.0308590406504992,,0.0,,False
R4_card_placebo,cf1_margin,-1.0,199,0.0,2-2-4,2000.0,2.220446049250313e-16,2.220446049250313e-16,2.220446049250313e-16,2.220446049250313e-16,2.220446049250313e-16,1.1102230246251563e-16,1.1102230246251563e-16,1.1102230246251563e-16,1.1102230246251563e-16,1.1102230246251563e-16,1.1102230246251563e-16,1.1102230246251563e-16,1.1102230246251563e-16,1.1102230246251563e-16,1.1102230246251563e-16,1.1102230246251563e-16,1.1102230246251563e-16,1.1102230246251563e-16,1.1102230246251563e-16,1.1102230246251563e-16,,0.0,,False
R4_card_placebo,slack_plugin,-1.0,199,0.0,2-2-4,2000.0,0.0,0.0,0.0,0.0,0.0,0.0,0.0,0.0,0.0,0.0,0.0,0.0,0.0,0.0,0.0,0.0,0.0,0.0,0.0,0.0,,0.0,,False
R4_card_placebo,gm_battery,-1.0,199,0.0,2-2-4,2000.0,0.0,0.0,0.0,0.0,0.0,0.0,0.0,0.0,0.0,0.0,0.0,0.0,0.0,0.0,0.0,0.0,0.0,0.0,0.0,0.0,,0.0,,False
R4_card_placebo,gtest,-1.0,199,121.8570430621942,2-2-4,2000.0,199.3021241281473,172.6739940424308,169.8204947856318,168.22713683289453,163.27754977007513,160.57129444104248,158.09537566003752,155.48907728892007,154.7504792416656,154.16070664749827,153.28603892909476,152.6036760973141,151.51731127053267,150.71823684157172,148.3300913818305,147.92511127943192,146.62240555153815,145.78305277046408,145.24630505466345,143.88897017622253,,0.0,,False
R4_card_placebo,k1,0.05,199,0.0038498579927375,,,0.0094731038119182,0.00909990163363,0.008581382229871,0.0079003113722569,0.0067775202780242,0.0061064258291622,0.0059593571674629,0.0057044580376696,0.0054827804486261,0.0052733018012591,0.0050957293906847,0.0050620288620185,0.0050307866893587,0.0049512647983082,0.0049119243715168,0.004870843510194,0.0047615936657859,0.00472478414533,0.0046535951018333,0.0045253199553135,4.0,0.0,,False
R4_card_placebo,k2,0.05,199,0.0691301483280476,,,0.1910430436891464,0.1486729369468313,0.1409593652698957,0.1247549163288952,0.1182946259217281,0.1099815241649395,0.1090137923325268,0.107199896295881,0.1055503839076309,0.1004688227404701,0.0988021921621314,0.0965654703760493,0.0924758517554901,0.0906023737194948,0.0889173636240295,0.0863008103494876,0.0860725340166112,0.0854680538092889,0.0836888416920346,0.0823606057662734,4.0,0.0,,False
R4_card_placebo,hsic,0.0,0,0.0012540718683657,,,,,,,,,,,,,,,,,,,,,,,4.0,,,False
R2_mroz,kl_plugin,-1.0,199,3.45635466809037e-17,2-2-4,2000.0,0.6311202395132975,0.6140323602704748,0.5963455699990687,0.5787008942955458,0.551067174355918,0.5422859919560745,0.5335915207190581,0.3167789607825247,0.3081100137716575,0.2795082609239252,0.2787468735697154,0.215969074387403,0.1615137455938962,0.1310482812376307,0.1212617193068426,0.1081493704036893,0.0828532235501412,0.0788122878270707,0.0761794444095635,0.0742251196560912,,0.0,,False
R2_mroz,kl_split,-1.0,199,91.31162982475846,2-2-4,2000.0,95.81726409637164,93.4471814069663,93.11586241963832,92.75314699488024,92.4199776792238,91.87320519844104,90.20188183504531,90.08737169815872,88.96091411257449,88.21003709599029,86.88949710516604,70.4052761719135,69.62441570694097,69.08247330151156,68.88061412473837,61.89870471554371,48.68812824617,47.29330404471111,46.43301597114772,45.82869908456847,,0.0,,False
R2_mroz,kl_crossfit,-1.0,199,92.80500262331992,2-2-4,2000.0,92.71494405030248,83.53028225415459,67.5922746939874,66.16511901166251,56.35439939232926,52.77650952206309,49.65127019199915,48.61544750136579,48.0364064250942,47.76929138628834,47.64520070256134,47.55357541359667,47.135815500300055,46.82653503770425,46.33348578090582,46.22628726017995,45.63724279434684,45.09846353711059,44.6486424721652,42.4705593301666,,1.0,,False
R2_mroz,cf1_margin,-1.0,199,0.0,2-2-4,2000.0,1.0,1.0,0.6690140845070423,0.6510538641686183,0.6487119437939111,0.6344339622641509,0.6112412177985949,0.594847775175644,0.5925058548009368,0.4501182033096926,0.4061032863849765,0.3858823529411764,0.3811764705882352,0.371764705882353,0.348235294117647,0.3419811320754717,0.2891075670173058,0.2784313725490196,0.2666666666666667,0.2614533965244867,,0.0,,False
R2_mroz,slack_plugin,-1.0,199,0.0,2-2-4,2000.0,1.3255269320843093,1.3004694835680752,1.2740046838407495,1.2470588235294118,1.2037470725995316,1.189695550351288,1.1756440281030445,1.0000000000000002,1.0,0.9002364066193853,0.8122065727699532,0.7717647058823529,0.7623529411764706,0.743529411764706,0.696470588235294,0.6839622641509433,0.5782151340346117,0.5568627450980392,0.5333333333333334,0.5229067930489733,,0.0,,False
R2_mroz,gm_battery,-1.0,199,0.0,2-2-4,2000.0,0.0,0.0,0.0,0.0,0.0,0.0,0.0,0.0,0.0,0.0,0.0,0.0,0.0,0.0,0.0,0.0,0.0,0.0,0.0,0.0,,0.0,,False
R2_mroz,gtest,-1.0,199,28.092870424950465,2-2-4,2000.0,58.10081607221466,53.05249936900921,52.22832612905797,50.19718378324745,48.84366979918545,48.40589008285174,46.04725171827889,45.73025876144918,44.90000941654688,43.4456526786162,43.3033274955174,43.07372022357144,42.69993758443527,41.33686393507644,40.90133841462547,40.609976843564354,40.42170163897004,40.23943299549082,40.04494159059463,39.92059162675643,,0.0,,False
R2_mroz,k1,0.05,199,0.0017903592220865,,,0.0279512855720736,0.0215829563409408,0.0174119369558398,0.0158508754359253,0.0151110441463845,0.014353833561792,0.0136052905261223,0.0133903601699193,0.0131563070634033,0.0129281970270653,0.0121658909085548,0.0120492578378552,0.0118857938472256,0.0115321327978947,0.011303764195139,0.0112016267577823,0.0109538265011693,0.0107293325690399,0.0106256192900655,0.0104535505169692,3.0,0.0,,False
R2_mroz,k2,0.05,199,0.0638739742777765,,,0.4675735290085686,0.4309547332652346,0.3624441003681381,0.3457061136765889,0.3339869128117865,0.3180381050215845,0.3103655414139063,0.3049080839909616,0.2746183630925838,0.2600635847999457,0.2556674864218179,0.2499588253661403,0.2427099852756437,0.2339490044219448,0.2315120368864606,0.2207273015469651,0.21454758904909,0.2096857010142815,0.2019553044274637,0.2012368513007911,3.0,0.0,,False
R2_mroz,hsic,0.0,0,0.0009694390944738,,,,,,,,,,,,,,,,,,,,,,,3.0,,,False
R3_jtrain_rct,kl_plugin,-1.0,199,5.314657810888773e-17,2-2-2,2000.0,0.0738133059096852,0.0676441511372105,0.0507630218756073,0.0338245592057261,0.0330111236868313,0.0297739410413865,0.0245301039784835,0.0193076420095248,0.0165497049679637,0.0145436237370899,0.0131086055155813,0.0110838377019021,0.0083453358998754,0.007894885996978,0.0066223495962688,0.0056989050062525,0.0042236358078379,0.0037651902286626,0.0030975945817648,0.0027252175572709,,0.0,,False
R3_jtrain_rct,kl_split,-1.0,199,27.565884608466124,2-2-2,2000.0,53.28860328219103,38.67365479291469,31.81590272849753,31.57680559114821,31.380720075133357,29.55725257051949,28.92692692414503,27.50248778647076,26.699170398160263,25.61148784274056,25.222389924766937,23.906510911342576,23.578956041216895,22.85720716367289,22.029192047207754,21.85845685268332,20.56035388956432,20.380935035855423,20.25725692087309,19.98149633284504,,0.0,,False
R3_jtrain_rct,kl_crossfit,-1.0,199,14.1139967257509,2-2-2,2000.0,29.429016429152668,28.776756409072306,27.079419956301876,25.14641885057104,23.32569875367147,22.262821690333286,19.854268686346146,18.373301814463854,16.043915700797328,15.505671343209194,15.06498883405536,14.446936227999611,13.96619640354442,13.71620489292556,13.25375069172468,13.089905849850396,12.959279060931625,12.841137573063722,12.253314321015573,12.09419653292816,,0.0,,False
R3_jtrain_rct,cf1_margin,-1.0,199,1.1102230246251563e-16,2-2-2,2000.0,0.2538461538461538,0.25,0.2241715399610137,0.1771561771561771,0.173076923076923,0.1617647058823529,0.1440162271805274,0.1384615384615384,0.1204301075268816,0.1142857142857142,0.1130604288499026,0.0961538461538461,0.0892857142857143,0.0860215053763441,0.0784313725490195,0.0666666666666666,0.0595238095238095,0.0559139784946236,0.053763440860215,0.0514285714285713,,0.0,,False
R3_jtrain_rct,slack_plugin,-1.0,199,0.0,2-2-2,2000.0,0.5076923076923077,0.5,0.4483430799220272,0.3543123543123542,0.3461538461538461,0.3235294117647057,0.2880324543610547,0.2769230769230768,0.2408602150537634,0.2285714285714286,0.226120857699805,0.1923076923076921,0.1785714285714286,0.172043010752688,0.1568627450980391,0.1333333333333333,0.119047619047619,0.1118279569892472,0.10752688172043,0.1028571428571427,,0.0,,False
R3_jtrain_rct,gm_battery,-1.0,199,1.1102230246251563e-16,2-2-2,2000.0,1.1102230246251563e-16,1.1102230246251563e-16,1.1102230246251563e-16,1.1102230246251563e-16,1.1102230246251563e-16,0.0,0.0,0.0,0.0,0.0,0.0,0.0,0.0,0.0,0.0,0.0,0.0,0.0,0.0,0.0,,0.0,,False
R3_jtrain_rct,gtest,-1.0,199,0.5138786087260039,2-2-2,2000.0,11.306105303517622,7.680863076270161,7.458381866366695,6.687609427287232,5.560617809918913,5.477327589710989,4.826297736177718,4.605225403042064,4.416202264952831,4.187293534651257,4.036751846375602,3.675465174523087,3.3117010080322378,3.221983608406303,3.0984641938900497,3.0984641938900497,3.0379618941990074,2.9412230901603347,2.832043894257792,2.620702223079207,,0.0,,False
