arm,cell,Q,n,rep,method,seconds,peak_bytes
discrete,2-2-4,64,500,0,stats_all,0.0126350580030702,117203
discrete,2-2-4,64,500,0,cf1_lp,0.0025867649965221,39576
discrete,2-2-4,64,500,0,slack_lp,0.0051380170043557,87598
discrete,2-2-4,64,500,1,stats_all,0.0129966439999407,90980
discrete,2-2-4,64,500,1,cf1_lp,0.0030483350055874,39512
discrete,2-2-4,64,500,1,slack_lp,0.0035251320005045,87518
discrete,2-2-4,64,500,2,stats_all,0.0105216600059065,90946
discrete,2-2-4,64,500,2,cf1_lp,0.0025974309974117,39432
discrete,2-2-4,64,500,2,slack_lp,0.003392916994926,87454
discrete,2-2-4,64,500,3,stats_all,0.0140847810034756,90922
discrete,2-2-4,64,500,3,cf1_lp,0.0027636710001388,39368
discrete,2-2-4,64,500,3,slack_lp,0.0041161569970427,87374
discrete,2-2-4,64,500,4,stats_all,0.0138281710023875,90886
discrete,2-2-4,64,500,4,cf1_lp,0.0027389859969844,39288
discrete,2-2-4,64,500,4,slack_lp,0.0037062449991935,87310
discrete,2-2-4,64,500,5,stats_all,0.0121398030023556,90386
discrete,2-2-4,64,500,5,cf1_lp,0.0029336990046431,39224
discrete,2-2-4,64,500,5,slack_lp,0.0033810219974839,87230
discrete,2-2-4,64,500,6,stats_all,0.0111489459959557,90458
discrete,2-2-4,64,500,6,cf1_lp,0.0025222580006811,39192
discrete,2-2-4,64,500,6,slack_lp,0.003320949996123,87230
discrete,2-2-4,64,500,7,stats_all,0.0102267609981936,90370
discrete,2-2-4,64,500,7,cf1_lp,0.0026303109989385,39192
discrete,2-2-4,64,500,7,slack_lp,0.0034478270026738,87230
discrete,2-2-4,64,500,8,stats_all,0.0112711459951242,90458
discrete,2-2-4,64,500,8,cf1_lp,0.0029546980003942,39192
discrete,2-2-4,64,500,8,slack_lp,0.0035319169983267,87230
discrete,2-2-4,64,500,9,stats_all,0.0145913320011459,90370
discrete,2-2-4,64,500,9,cf1_lp,0.0025653729971963,39192
discrete,2-2-4,64,500,9,slack_lp,0.0033843120036181,87230
discrete,2-2-4,64,500,10,stats_all,0.0118613079976057,90414
discrete,2-2-4,64,500,10,cf1_lp,0.0029365239970502,39192
discrete,2-2-4,64,500,10,slack_lp,0.0038495179978781,87230
discrete,2-2-4,64,500,11,stats_all,0.0139638190012192,90336
discrete,2-2-4,64,500,11,cf1_lp,0.0037687340009142,39192
discrete,2-2-4,64,500,11,slack_lp,0.0039794490003259,87230
discrete,2-2-4,64,500,12,stats_all,0.0113929209983325,90426
discrete,2-2-4,64,500,12,cf1_lp,0.0028039620010531,39192
discrete,2-2-4,64,500,12,slack_lp,0.0038996160001261,87230
discrete,2-2-4,64,500,13,stats_all,0.0147894089968758,90324
discrete,2-2-4,64,500,13,cf1_lp,0.0029062849935144,39192
discrete,2-2-4,64,500,13,slack_lp,0.0036109569991822,87230
discrete,2-2-4,64,500,14,stats_all,0.014229514003091,90368
discrete,2-2-4,64,500,14,cf1_lp,0.0026851570000872,39192
discrete,2-2-4,64,500,14,slack_lp,0.0035749759990721,87230
discrete,2-2-4,64,500,15,stats_all,0.0144136480012093,90414
discrete,2-2-4,64,500,15,cf1_lp,0.0025631200041971,39192
discrete,2-2-4,64,500,15,slack_lp,0.0035413099976722,87230
discrete,2-2-4,64,500,16,stats_all,0.0101083339977776,90368
discrete,2-2-4,64,500,16,cf1_lp,0.0025517620015307,39192
discrete,2-2-4,64,500,16,slack_lp,0.0036745620018336,87230
discrete,2-2-4,64,500,17,stats_all,0.0141905720010981,90370
discrete,2-2-4,64,500,17,cf1_lp,0.00268966499425,39192
discrete,2-2-4,64,500,17,slack_lp,0.0035850979984388,87230
discrete,2-2-4,64,500,18,stats_all,0.0143177589998231,90414
discrete,2-2-4,64,500,18,cf1_lp,0.0026150940029765,39192
discrete,2-2-4,64,500,18,slack_lp,0.003366658995219,87230
discrete,2-2-4,64,500,19,stats_all,0.0162954210027237,90458
discrete,2-2-4,64,500,19,cf1_lp,0.0028000769962091,39192
discrete,2-2-4,64,500,19,slack_lp,0.003427109993936,87230
discrete,2-2-4,64,2000,0,stats_all,0.0116308489959919,90338
discrete,2-2-4,64,2000,0,cf1_lp,0.002538632004871,39192
discrete,2-2-4,64,2000,0,slack_lp,0.003271820001828,87230
discrete,2-2-4,64,2000,1,stats_all,0.0105230729968752,90380
discrete,2-2-4,64,2000,1,cf1_lp,0.0029873220046283,39192
discrete,2-2-4,64,2000,1,slack_lp,0.0040104820000124,87230
discrete,2-2-4,64,2000,2,stats_all,0.0123856189966318,90338
discrete,2-2-4,64,2000,2,cf1_lp,0.0028300880003371,39192
discrete,2-2-4,64,2000,2,slack_lp,0.0035388480027904,87230
discrete,2-2-4,64,2000,3,stats_all,0.0124003070013714,90368
discrete,2-2-4,64,2000,3,cf1_lp,0.0029320109970285,39192
discrete,2-2-4,64,2000,3,slack_lp,0.0033264699959545,87230
discrete,2-2-4,64,2000,4,stats_all,0.0113762649998534,90458
discrete,2-2-4,64,2000,4,cf1_lp,0.0028270859984331,39192
discrete,2-2-4,64,2000,4,slack_lp,0.0034158220005338,87230
discrete,2-2-4,64,2000,5,stats_all,0.0120111989963334,90368
discrete,2-2-4,64,2000,5,cf1_lp,0.0025841859969659,39192
discrete,2-2-4,64,2000,5,slack_lp,0.0033170669994433,87230
discrete,2-2-4,64,2000,6,stats_all,0.0120615960040595,90370
discrete,2-2-4,64,2000,6,cf1_lp,0.0028249559982214,39192
discrete,2-2-4,64,2000,6,slack_lp,0.0034877989965025,87230
discrete,2-2-4,64,2000,7,stats_all,0.0124851500004297,90458
discrete,2-2-4,64,2000,7,cf1_lp,0.0029355410006246,39192
discrete,2-2-4,64,2000,7,slack_lp,0.0034874060002039,87230
discrete,2-2-4,64,2000,8,stats_all,0.0116757389987469,90338
discrete,2-2-4,64,2000,8,cf1_lp,0.0027530329971341,39192
discrete,2-2-4,64,2000,8,slack_lp,0.0040245850032079,87230
discrete,2-2-4,64,2000,9,stats_all,0.0115213399985805,90336
discrete,2-2-4,64,2000,9,cf1_lp,0.0027450749985291,39192
discrete,2-2-4,64,2000,9,slack_lp,0.0038537139989784,87230
discrete,2-2-4,64,2000,10,stats_all,0.0114598700019996,90412
discrete,2-2-4,64,2000,10,cf1_lp,0.0041253350063925,39192
discrete,2-2-4,64,2000,10,slack_lp,0.0043720390021917,87230
discrete,2-2-4,64,2000,11,stats_all,0.0122469150010147,90336
discrete,2-2-4,64,2000,11,cf1_lp,0.0035246469997218,39192
discrete,2-2-4,64,2000,11,slack_lp,0.0043016150011681,87230
discrete,2-2-4,64,2000,12,stats_all,0.0123406370039447,90414
discrete,2-2-4,64,2000,12,cf1_lp,0.0030273020020104,39192
discrete,2-2-4,64,2000,12,slack_lp,0.0036067149994778,87230
discrete,2-2-4,64,2000,13,stats_all,0.0125617800003965,90382
discrete,2-2-4,64,2000,13,cf1_lp,0.0026328309977543,39192
discrete,2-2-4,64,2000,13,slack_lp,0.00325683200208,87230
discrete,2-2-4,64,2000,14,stats_all,0.0110697749987593,90336
discrete,2-2-4,64,2000,14,cf1_lp,0.0027758049982367,39192
discrete,2-2-4,64,2000,14,slack_lp,0.0034705340003711,87230
discrete,2-2-4,64,2000,15,stats_all,0.0116014839950366,90324
discrete,2-2-4,64,2000,15,cf1_lp,0.0024916380061767,39192
discrete,2-2-4,64,2000,15,slack_lp,0.0033400989996152,87230
discrete,2-2-4,64,2000,16,stats_all,0.0120518189942231,90382
discrete,2-2-4,64,2000,16,cf1_lp,0.0027066510010627,39192
discrete,2-2-4,64,2000,16,slack_lp,0.0034091029956471,87230
discrete,2-2-4,64,2000,17,stats_all,0.0121638189957593,90130
discrete,2-2-4,64,2000,17,cf1_lp,0.0031172169983619,39192
discrete,2-2-4,64,2000,17,slack_lp,0.0034995460009668,87230
discrete,2-2-4,64,2000,18,stats_all,0.0111347709971596,90264
discrete,2-2-4,64,2000,18,cf1_lp,0.002773216998321,39192
discrete,2-2-4,64,2000,18,slack_lp,0.0036473759973887,87230
discrete,2-2-4,64,2000,19,stats_all,0.0109972580030444,90206
discrete,2-2-4,64,2000,19,cf1_lp,0.0029590779959107,39192
discrete,2-2-4,64,2000,19,slack_lp,0.0041620129995862,87230
discrete,2-2-4,64,8000,0,stats_all,0.0111169859956135,90266
discrete,2-2-4,64,8000,0,cf1_lp,0.0029836829999112,39192
discrete,2-2-4,64,8000,0,slack_lp,0.0039769150025676,87230
discrete,2-2-4,64,8000,1,stats_all,0.0109275600043474,90206
discrete,2-2-4,64,8000,1,cf1_lp,0.0032632449947413,39192
discrete,2-2-4,64,8000,1,slack_lp,0.0034650279994821,87230
discrete,2-2-4,64,8000,2,stats_all,0.0122103649991913,90220
discrete,2-2-4,64,8000,2,cf1_lp,0.0027454599985503,39192
discrete,2-2-4,64,8000,2,slack_lp,0.0036380250021466,87230
discrete,2-2-4,64,8000,3,stats_all,0.0112588760021026,90174
discrete,2-2-4,64,8000,3,cf1_lp,0.0025528769983793,39192
discrete,2-2-4,64,8000,3,slack_lp,0.00336763899395,87230
discrete,2-2-4,64,8000,4,stats_all,0.0112987230022554,90220
discrete,2-2-4,64,8000,4,cf1_lp,0.0028625129998545,39192
discrete,2-2-4,64,8000,4,slack_lp,0.0034421000018483,87230
discrete,2-2-4,64,8000,5,stats_all,0.0111797659992589,90336
discrete,2-2-4,64,8000,5,cf1_lp,0.0027752610039897,39192
discrete,2-2-4,64,8000,5,slack_lp,0.0033373830010532,87230
discrete,2-2-4,64,8000,6,stats_all,0.0114661889965645,90414
discrete,2-2-4,64,8000,6,cf1_lp,0.0028002730032312,39192
discrete,2-2-4,64,8000,6,slack_lp,0.0039783870015526,87230
discrete,2-2-4,64,8000,7,stats_all,0.0111644719945616,90222
discrete,2-2-4,64,8000,7,cf1_lp,0.0028911480039823,39192
discrete,2-2-4,64,8000,7,slack_lp,0.0037238870063447,87230
discrete,2-2-4,64,8000,8,stats_all,0.0105048250043182,90368
discrete,2-2-4,64,8000,8,cf1_lp,0.0025216159992851,39192
discrete,2-2-4,64,8000,8,slack_lp,0.0032883880048757,87230
discrete,2-2-4,64,8000,9,stats_all,0.0108806230055051,90220
discrete,2-2-4,64,8000,9,cf1_lp,0.002629574999446,39192
discrete,2-2-4,64,8000,9,slack_lp,0.0039789440052118,87230
discrete,2-2-4,64,8000,10,stats_all,0.0106081289995927,90368
discrete,2-2-4,64,8000,10,cf1_lp,0.0026879649958573,39192
discrete,2-2-4,64,8000,10,slack_lp,0.0040364619999309,87230
discrete,2-2-4,64,8000,11,stats_all,0.0107261839948478,90208
discrete,2-2-4,64,8000,11,cf1_lp,0.0028935230002389,39192
discrete,2-2-4,64,8000,11,slack_lp,0.0041134460043394,87230
discrete,2-2-4,64,8000,12,stats_all,0.0107503290055319,90458
discrete,2-2-4,64,8000,12,cf1_lp,0.002851149001799,39192
discrete,2-2-4,64,8000,12,slack_lp,0.0033819649979704,87230
discrete,2-2-4,64,8000,13,stats_all,0.0107173760043224,90252
discrete,2-2-4,64,8000,13,cf1_lp,0.002796025997668,39192
discrete,2-2-4,64,8000,13,slack_lp,0.0036862659981125,87230
discrete,2-2-4,64,8000,14,stats_all,0.0115504509958554,90428
discrete,2-2-4,64,8000,14,cf1_lp,0.0026249949951306,39192
discrete,2-2-4,64,8000,14,slack_lp,0.0033013520005624,87230
discrete,2-2-4,64,8000,15,stats_all,0.011255395002081,90266
discrete,2-2-4,64,8000,15,cf1_lp,0.0029832110012648,39192
discrete,2-2-4,64,8000,15,slack_lp,0.0037925840006209,87230
discrete,2-2-4,64,8000,16,stats_all,0.0122465619933791,90252
discrete,2-2-4,64,8000,16,cf1_lp,0.0027236440000706,39192
discrete,2-2-4,64,8000,16,slack_lp,0.0034983759978786,87230
discrete,2-2-4,64,8000,17,stats_all,0.0113059360010083,90380
discrete,2-2-4,64,8000,17,cf1_lp,0.0025798179995035,39192
discrete,2-2-4,64,8000,17,slack_lp,0.0032447049961774,87230
discrete,2-2-4,64,8000,18,stats_all,0.0109692460027872,90220
discrete,2-2-4,64,8000,18,cf1_lp,0.0032986750011332,39192
discrete,2-2-4,64,8000,18,slack_lp,0.0046050119999563,87230
discrete,2-2-4,64,8000,19,stats_all,0.0118121100022108,90298
discrete,2-2-4,64,8000,19,cf1_lp,0.0025413830007892,39192
discrete,2-2-4,64,8000,19,slack_lp,0.0037071609986014,87230
discrete,2-2-5,100,500,0,stats_all,0.0160616360008134,155052
discrete,2-2-5,100,500,0,cf1_lp,0.0038726319980924,66808
discrete,2-2-5,100,500,0,slack_lp,0.0043335549999028,150238
discrete,2-2-5,100,500,1,stats_all,0.0146084889929625,155120
discrete,2-2-5,100,500,1,cf1_lp,0.0037751549971289,66808
discrete,2-2-5,100,500,1,slack_lp,0.0046550210026907,150238
discrete,2-2-5,100,500,2,stats_all,0.0174386520011466,155226
discrete,2-2-5,100,500,2,cf1_lp,0.0038856519968248,66808
discrete,2-2-5,100,500,2,slack_lp,0.0050302069939789,150238
discrete,2-2-5,100,500,3,stats_all,0.0130917640053667,155292
discrete,2-2-5,100,500,3,cf1_lp,0.0036857009981758,66808
discrete,2-2-5,100,500,3,slack_lp,0.0043530669936444,150238
discrete,2-2-5,100,500,4,stats_all,0.0173101700056577,155352
discrete,2-2-5,100,500,4,cf1_lp,0.0038514699990628,66808
discrete,2-2-5,100,500,4,slack_lp,0.0044746439962182,150238
discrete,2-2-5,100,500,5,stats_all,0.016687183000613,155326
discrete,2-2-5,100,500,5,cf1_lp,0.0033041889982996,66808
discrete,2-2-5,100,500,5,slack_lp,0.0041367109952261,150238
discrete,2-2-5,100,500,6,stats_all,0.0164441439992515,155236
discrete,2-2-5,100,500,6,cf1_lp,0.0034947679960168,66808
discrete,2-2-5,100,500,6,slack_lp,0.0048616210042382,150238
discrete,2-2-5,100,500,7,stats_all,0.016596262998064,155236
discrete,2-2-5,100,500,7,cf1_lp,0.0036682439967989,66808
discrete,2-2-5,100,500,7,slack_lp,0.0048721080020186,150238
discrete,2-2-5,100,500,8,stats_all,0.0137775059993145,155238
discrete,2-2-5,100,500,8,cf1_lp,0.003421798995987,66808
discrete,2-2-5,100,500,8,slack_lp,0.0044379320024745,150238
discrete,2-2-5,100,500,9,stats_all,0.0119136680004885,155220
discrete,2-2-5,100,500,9,cf1_lp,0.0038461099975393,66808
discrete,2-2-5,100,500,9,slack_lp,0.0050293040039832,150238
discrete,2-2-5,100,500,10,stats_all,0.0137173559996881,155340
discrete,2-2-5,100,500,10,cf1_lp,0.0040735850052442,66808
discrete,2-2-5,100,500,10,slack_lp,0.0045235130019136,150238
discrete,2-2-5,100,500,11,stats_all,0.0160019649993046,155398
discrete,2-2-5,100,500,11,cf1_lp,0.0036121169978287,66808
discrete,2-2-5,100,500,11,slack_lp,0.0049307989975204,150238
discrete,2-2-5,100,500,12,stats_all,0.0161493199993856,155258
discrete,2-2-5,100,500,12,cf1_lp,0.0034044589992845,66808
discrete,2-2-5,100,500,12,slack_lp,0.0041654890010249,150238
discrete,2-2-5,100,500,13,stats_all,0.0159818679967429,155374
discrete,2-2-5,100,500,13,cf1_lp,0.0038379969992092,66808
discrete,2-2-5,100,500,13,slack_lp,0.0043636980044539,150238
discrete,2-2-5,100,500,14,stats_all,0.016929823999817,155258
discrete,2-2-5,100,500,14,cf1_lp,0.0034144319943152,66808
discrete,2-2-5,100,500,14,slack_lp,0.0045054380025248,150238
discrete,2-2-5,100,500,15,stats_all,0.0171930840006098,155442
discrete,2-2-5,100,500,15,cf1_lp,0.0037682679976569,66808
discrete,2-2-5,100,500,15,slack_lp,0.0046485050042974,150238
discrete,2-2-5,100,500,16,stats_all,0.0154722509978455,155326
discrete,2-2-5,100,500,16,cf1_lp,0.003278024996689,66808
discrete,2-2-5,100,500,16,slack_lp,0.0042677809979068,150238
discrete,2-2-5,100,500,17,stats_all,0.0163525430034496,155190
discrete,2-2-5,100,500,17,cf1_lp,0.0038114159979159,66808
discrete,2-2-5,100,500,17,slack_lp,0.0052134840007056,150238
discrete,2-2-5,100,500,18,stats_all,0.0155799470012425,155180
discrete,2-2-5,100,500,18,cf1_lp,0.0038272809979389,66808
discrete,2-2-5,100,500,18,slack_lp,0.0044058589992346,150238
discrete,2-2-5,100,500,19,stats_all,0.0146475980000104,155134
discrete,2-2-5,100,500,19,cf1_lp,0.0033123299945145,66808
discrete,2-2-5,100,500,19,slack_lp,0.0042529179991106,150238
discrete,2-2-5,100,2000,0,stats_all,0.0159268299976247,155212
discrete,2-2-5,100,2000,0,cf1_lp,0.0042521069990471,66808
discrete,2-2-5,100,2000,0,slack_lp,0.0046738879973418,150238
discrete,2-2-5,100,2000,1,stats_all,0.0146409180015325,155296
discrete,2-2-5,100,2000,1,cf1_lp,0.003842343998258,66808
discrete,2-2-5,100,2000,1,slack_lp,0.0044253169980947,150238
discrete,2-2-5,100,2000,2,stats_all,0.0163386280037229,155250
discrete,2-2-5,100,2000,2,cf1_lp,0.0034236069986945,66808
discrete,2-2-5,100,2000,2,slack_lp,0.0044938469945918,150238
discrete,2-2-5,100,2000,3,stats_all,0.0147324270001263,155168
discrete,2-2-5,100,2000,3,cf1_lp,0.0036485890013864,66808
discrete,2-2-5,100,2000,3,slack_lp,0.0046114380020298,150238
discrete,2-2-5,100,2000,4,stats_all,0.0169957940015592,155212
discrete,2-2-5,100,2000,4,cf1_lp,0.0038528559962287,66808
discrete,2-2-5,100,2000,4,slack_lp,0.0050933840029756,150238
discrete,2-2-5,100,2000,5,stats_all,0.0167379409977002,155256
discrete,2-2-5,100,2000,5,cf1_lp,0.0042272510036127,66808
discrete,2-2-5,100,2000,5,slack_lp,0.004901673994027,150238
discrete,2-2-5,100,2000,6,stats_all,0.0149223830012488,155180
discrete,2-2-5,100,2000,6,cf1_lp,0.0034107480023521,66808
discrete,2-2-5,100,2000,6,slack_lp,0.0042975860051228,150238
discrete,2-2-5,100,2000,7,stats_all,0.016177500001504,155168
discrete,2-2-5,100,2000,7,cf1_lp,0.0038516800050274,66808
discrete,2-2-5,100,2000,7,slack_lp,0.0045451129990397,150238
discrete,2-2-5,100,2000,8,stats_all,0.0173098410014063,155258
discrete,2-2-5,100,2000,8,cf1_lp,0.0035127119990647,66808
discrete,2-2-5,100,2000,8,slack_lp,0.0042946760004269,150238
discrete,2-2-5,100,2000,9,stats_all,0.0162899459974141,155212
discrete,2-2-5,100,2000,9,cf1_lp,0.0034809110002242,66808
discrete,2-2-5,100,2000,9,slack_lp,0.0045102179938112,150238
discrete,2-2-5,100,2000,10,stats_all,0.0155438560032052,155354
discrete,2-2-5,100,2000,10,cf1_lp,0.0037445740017574,66808
discrete,2-2-5,100,2000,10,slack_lp,0.0046279059970402,150238
discrete,2-2-5,100,2000,11,stats_all,0.0146962229991913,155250
discrete,2-2-5,100,2000,11,cf1_lp,0.0033846689984784,66808
discrete,2-2-5,100,2000,11,slack_lp,0.0044082079984946,150238
discrete,2-2-5,100,2000,12,stats_all,0.0147165739981574,155328
discrete,2-2-5,100,2000,12,cf1_lp,0.0033568700018804,66808
discrete,2-2-5,100,2000,12,slack_lp,0.0051386280028964,150238
discrete,2-2-5,100,2000,13,stats_all,0.0169561879956745,155374
discrete,2-2-5,100,2000,13,cf1_lp,0.0034613469979376,66808
discrete,2-2-5,100,2000,13,slack_lp,0.0043150970013812,150238
discrete,2-2-5,100,2000,14,stats_all,0.0170697360008489,155212
discrete,2-2-5,100,2000,14,cf1_lp,0.003771333998884,66808
discrete,2-2-5,100,2000,14,slack_lp,0.0051386109989834,150238
discrete,2-2-5,100,2000,15,stats_all,0.0168360519965062,155212
discrete,2-2-5,100,2000,15,cf1_lp,0.0038217940018512,66808
discrete,2-2-5,100,2000,15,slack_lp,0.0042867390002356,150238
discrete,2-2-5,100,2000,16,stats_all,0.0149028629966778,155258
discrete,2-2-5,100,2000,16,cf1_lp,0.0035246549959992,66808
discrete,2-2-5,100,2000,16,slack_lp,0.0044504129982669,150238
discrete,2-2-5,100,2000,17,stats_all,0.0164883569959783,155136
discrete,2-2-5,100,2000,17,cf1_lp,0.0034424839977873,66808
discrete,2-2-5,100,2000,17,slack_lp,0.004185077996226,150238
discrete,2-2-5,100,2000,18,stats_all,0.0161766940000234,155234
discrete,2-2-5,100,2000,18,cf1_lp,0.0035167730020475,66808
discrete,2-2-5,100,2000,18,slack_lp,0.0044876820029458,150238
discrete,2-2-5,100,2000,19,stats_all,0.0153585389998625,155214
discrete,2-2-5,100,2000,19,cf1_lp,0.0034873990007326,66808
discrete,2-2-5,100,2000,19,slack_lp,0.0052864739991491,150238
discrete,2-2-5,100,8000,0,stats_all,0.0162931519953417,155166
discrete,2-2-5,100,8000,0,cf1_lp,0.0039173139957711,66808
discrete,2-2-5,100,8000,0,slack_lp,0.0051949800035799,150238
discrete,2-2-5,100,8000,1,stats_all,0.0178288540046196,155256
discrete,2-2-5,100,8000,1,cf1_lp,0.0038342690022545,66808
discrete,2-2-5,100,8000,1,slack_lp,0.0045290249981917,150238
discrete,2-2-5,100,8000,2,stats_all,0.0165424420047202,155134
discrete,2-2-5,100,8000,2,cf1_lp,0.0040984930019476,66808
discrete,2-2-5,100,8000,2,slack_lp,0.0048938280015136,150238
discrete,2-2-5,100,8000,3,stats_all,0.0155463970004348,155322
discrete,2-2-5,100,8000,3,cf1_lp,0.0033772139940992,66808
discrete,2-2-5,100,8000,3,slack_lp,0.0043360299969208,150238
discrete,2-2-5,100,8000,4,stats_all,0.0149617559945909,155326
discrete,2-2-5,100,8000,4,cf1_lp,0.0033627619995968,66808
discrete,2-2-5,100,8000,4,slack_lp,0.0041903310047928,150238
discrete,2-2-5,100,8000,5,stats_all,0.0143734390003373,155180
discrete,2-2-5,100,8000,5,cf1_lp,0.003693712002132,66808
discrete,2-2-5,100,8000,5,slack_lp,0.0046438540011877,150238
discrete,2-2-5,100,8000,6,stats_all,0.0164785070010111,155190
discrete,2-2-5,100,8000,6,cf1_lp,0.003520510996168,66808
discrete,2-2-5,100,8000,6,slack_lp,0.0044489049978437,150238
discrete,2-2-5,100,8000,7,stats_all,0.0170539940008893,155212
discrete,2-2-5,100,8000,7,cf1_lp,0.0038051400042604,66808
discrete,2-2-5,100,8000,7,slack_lp,0.0048520609998377,150238
discrete,2-2-5,100,8000,8,stats_all,0.0159356689982814,155180
discrete,2-2-5,100,8000,8,cf1_lp,0.0036430570035008,66808
discrete,2-2-5,100,8000,8,slack_lp,0.004575521001243,150238
discrete,2-2-5,100,8000,9,stats_all,0.0147736779981642,155248
discrete,2-2-5,100,8000,9,cf1_lp,0.0036492220024229,66808
discrete,2-2-5,100,8000,9,slack_lp,0.0043865719999303,150238
discrete,2-2-5,100,8000,10,stats_all,0.0157429809987661,155236
discrete,2-2-5,100,8000,10,cf1_lp,0.0037764950029668,66808
discrete,2-2-5,100,8000,10,slack_lp,0.004612022996298,150238
discrete,2-2-5,100,8000,11,stats_all,0.0140671170011046,155204
discrete,2-2-5,100,8000,11,cf1_lp,0.0035214939998695,66808
discrete,2-2-5,100,8000,11,slack_lp,0.0042874240025412,150238
discrete,2-2-5,100,8000,12,stats_all,0.0158445909983129,155320
discrete,2-2-5,100,8000,12,cf1_lp,0.0035726109999814,66808
discrete,2-2-5,100,8000,12,slack_lp,0.0043102459967485,150238
discrete,2-2-5,100,8000,13,stats_all,0.0165619620020152,155236
discrete,2-2-5,100,8000,13,cf1_lp,0.0041866379979182,66808
discrete,2-2-5,100,8000,13,slack_lp,0.005691177000699,150238
discrete,2-2-5,100,8000,14,stats_all,0.0160900530026992,155234
discrete,2-2-5,100,8000,14,cf1_lp,0.0037017619979451,66808
discrete,2-2-5,100,8000,14,slack_lp,0.0046222710006986,150238
discrete,2-2-5,100,8000,15,stats_all,0.0165622390049975,155204
discrete,2-2-5,100,8000,15,cf1_lp,0.0042675919976318,66808
discrete,2-2-5,100,8000,15,slack_lp,0.0045596300042234,150238
discrete,2-2-5,100,8000,16,stats_all,0.018053490006423,155256
discrete,2-2-5,100,8000,16,cf1_lp,0.0035230419962317,66808
discrete,2-2-5,100,8000,16,slack_lp,0.0043227089990978,150238
discrete,2-2-5,100,8000,17,stats_all,0.0167239189977408,155190
discrete,2-2-5,100,8000,17,cf1_lp,0.0045038829994155,66808
discrete,2-2-5,100,8000,17,slack_lp,0.0046835960019961,150238
discrete,2-2-5,100,8000,18,stats_all,0.017339690006338,155234
discrete,2-2-5,100,8000,18,cf1_lp,0.0035226680047344,66808
discrete,2-2-5,100,8000,18,slack_lp,0.0047568049994879,150238
discrete,2-2-5,100,8000,19,stats_all,0.0161299019964644,155236
discrete,2-2-5,100,8000,19,cf1_lp,0.0038659569981973,66808
discrete,2-2-5,100,8000,19,slack_lp,0.0051633439943543,150238
discrete,2-2-8,256,500,0,stats_all,0.0247525240047252,522622
discrete,2-2-8,256,500,0,cf1_lp,0.0069327969977166,233368
discrete,2-2-8,256,500,0,slack_lp,0.0080861599999479,516318
discrete,2-2-8,256,500,1,stats_all,0.0217096839987789,522432
discrete,2-2-8,256,500,1,cf1_lp,0.0068808639989583,233368
discrete,2-2-8,256,500,1,slack_lp,0.0086917110020294,516318
discrete,2-2-8,256,500,2,stats_all,0.0275002579946885,522508
discrete,2-2-8,256,500,2,cf1_lp,0.0068570700022974,233368
discrete,2-2-8,256,500,2,slack_lp,0.0089326349989278,516318
discrete,2-2-8,256,500,3,stats_all,0.0202234469979885,522720
discrete,2-2-8,256,500,3,cf1_lp,0.0067281170049682,233368
discrete,2-2-8,256,500,3,slack_lp,0.008551710001484,516318
discrete,2-2-8,256,500,4,stats_all,0.0249613920022966,522660
discrete,2-2-8,256,500,4,cf1_lp,0.0070384200007538,233368
discrete,2-2-8,256,500,4,slack_lp,0.0080512310014455,516318
discrete,2-2-8,256,500,5,stats_all,0.0248218289998476,522636
discrete,2-2-8,256,500,5,cf1_lp,0.0064978689988492,233368
discrete,2-2-8,256,500,5,slack_lp,0.0084993069976917,516318
discrete,2-2-8,256,500,6,stats_all,0.0258639000021503,522778
discrete,2-2-8,256,500,6,cf1_lp,0.0061802359996363,233368
discrete,2-2-8,256,500,6,slack_lp,0.0087173380015883,516318
discrete,2-2-8,256,500,7,stats_all,0.0243793720001122,522708
discrete,2-2-8,256,500,7,cf1_lp,0.0067482079975889,233368
discrete,2-2-8,256,500,7,slack_lp,0.0089902670006267,516318
discrete,2-2-8,256,500,8,stats_all,0.0235696329982602,522650
discrete,2-2-8,256,500,8,cf1_lp,0.0071707630049786,233368
discrete,2-2-8,256,500,8,slack_lp,0.0089616210025269,516318
discrete,2-2-8,256,500,9,stats_all,0.0213077299995347,522630
discrete,2-2-8,256,500,9,cf1_lp,0.0063386480032932,233368
discrete,2-2-8,256,500,9,slack_lp,0.00784718599607,516318
discrete,2-2-8,256,500,10,stats_all,0.0247511449997546,522706
discrete,2-2-8,256,500,10,cf1_lp,0.0068376720009837,233368
discrete,2-2-8,256,500,10,slack_lp,0.0086328149991459,516318
discrete,2-2-8,256,500,11,stats_all,0.0249235949959256,522706
discrete,2-2-8,256,500,11,cf1_lp,0.0064531850002822,233368
discrete,2-2-8,256,500,11,slack_lp,0.0077599120049853,516318
discrete,2-2-8,256,500,12,stats_all,0.0257751220051432,522636
discrete,2-2-8,256,500,12,cf1_lp,0.0069943950002198,233368
discrete,2-2-8,256,500,12,slack_lp,0.0087266160044237,516318
discrete,2-2-8,256,500,13,stats_all,0.0246814349957276,522614
discrete,2-2-8,256,500,13,cf1_lp,0.0062754979953751,233368
discrete,2-2-8,256,500,13,slack_lp,0.0090310329978819,516318
discrete,2-2-8,256,500,14,stats_all,0.0257406140008242,522636
discrete,2-2-8,256,500,14,cf1_lp,0.0070571550022577,233368
discrete,2-2-8,256,500,14,slack_lp,0.0088965320028364,516318
discrete,2-2-8,256,500,15,stats_all,0.0258501169955707,522616
discrete,2-2-8,256,500,15,cf1_lp,0.006832592000137,233368
discrete,2-2-8,256,500,15,slack_lp,0.0082473389993538,516318
discrete,2-2-8,256,500,16,stats_all,0.0258181050012353,522548
discrete,2-2-8,256,500,16,cf1_lp,0.006915892001416,233368
discrete,2-2-8,256,500,16,slack_lp,0.0084982129992567,516318
discrete,2-2-8,256,500,17,stats_all,0.0251997810046304,522502
discrete,2-2-8,256,500,17,cf1_lp,0.0068321439975989,233368
discrete,2-2-8,256,500,17,slack_lp,0.0084525880010914,516318
discrete,2-2-8,256,500,18,stats_all,0.025844022995443,522548
discrete,2-2-8,256,500,18,cf1_lp,0.0070023149964981,233368
discrete,2-2-8,256,500,18,slack_lp,0.0085455370062845,516318
discrete,2-2-8,256,500,19,stats_all,0.0254359199971077,522434
discrete,2-2-8,256,500,19,cf1_lp,0.0074352340016048,233368
discrete,2-2-8,256,500,19,slack_lp,0.0083434680054779,516318
discrete,2-2-8,256,2000,0,stats_all,0.0230934990031528,522448
discrete,2-2-8,256,2000,0,cf1_lp,0.0073647820026963,233368
discrete,2-2-8,256,2000,0,slack_lp,0.0080329949996666,516318
discrete,2-2-8,256,2000,1,stats_all,0.0238983880044543,522478
discrete,2-2-8,256,2000,1,cf1_lp,0.0064853089934331,233368
discrete,2-2-8,256,2000,1,slack_lp,0.009303095001087,516318
discrete,2-2-8,256,2000,2,stats_all,0.0251553740017698,522548
discrete,2-2-8,256,2000,2,cf1_lp,0.0068658510062959,233368
discrete,2-2-8,256,2000,2,slack_lp,0.0088205639985972,516318
discrete,2-2-8,256,2000,3,stats_all,0.0264470629990682,522480
discrete,2-2-8,256,2000,3,cf1_lp,0.0065925509989028,233368
discrete,2-2-8,256,2000,3,slack_lp,0.0090465020039118,516318
discrete,2-2-8,256,2000,4,stats_all,0.0229161079987534,522538
discrete,2-2-8,256,2000,4,cf1_lp,0.0069125789959798,233368
discrete,2-2-8,256,2000,4,slack_lp,0.0095723609993001,516318
discrete,2-2-8,256,2000,5,stats_all,0.024924709003244,522434
discrete,2-2-8,256,2000,5,cf1_lp,0.00830466899788,233368
discrete,2-2-8,256,2000,5,slack_lp,0.0088868089951574,516318
discrete,2-2-8,256,2000,6,stats_all,0.0272837619995698,522524
discrete,2-2-8,256,2000,6,cf1_lp,0.0075586789971566,233368
discrete,2-2-8,256,2000,6,slack_lp,0.0090488190035102,516318
discrete,2-2-8,256,2000,7,stats_all,0.0283629030018346,522434
discrete,2-2-8,256,2000,7,cf1_lp,0.0068085849998169,233368
discrete,2-2-8,256,2000,7,slack_lp,0.0084687999988091,516318
discrete,2-2-8,256,2000,8,stats_all,0.0261290419948636,522594
discrete,2-2-8,256,2000,8,cf1_lp,0.0070784259951324,233368
discrete,2-2-8,256,2000,8,slack_lp,0.0088500540005043,516318
discrete,2-2-8,256,2000,9,stats_all,0.0266300869989208,522434
discrete,2-2-8,256,2000,9,cf1_lp,0.0070062719969428,233368
discrete,2-2-8,256,2000,9,slack_lp,0.0092643690004479,516318
discrete,2-2-8,256,2000,10,stats_all,0.0234951989987166,522562
discrete,2-2-8,256,2000,10,cf1_lp,0.0068789160068263,233368
discrete,2-2-8,256,2000,10,slack_lp,0.0084311549944686,516318
discrete,2-2-8,256,2000,11,stats_all,0.0236926350044086,522608
discrete,2-2-8,256,2000,11,cf1_lp,0.0067901440052082,233368
discrete,2-2-8,256,2000,11,slack_lp,0.0079983489995356,516318
discrete,2-2-8,256,2000,12,stats_all,0.0240486960028647,522570
discrete,2-2-8,256,2000,12,cf1_lp,0.0064015270036179,233368
discrete,2-2-8,256,2000,12,slack_lp,0.0080549760023131,516318
discrete,2-2-8,256,2000,13,stats_all,0.0262474569972255,522502
discrete,2-2-8,256,2000,13,cf1_lp,0.0067966709975735,233368
discrete,2-2-8,256,2000,13,slack_lp,0.0089930399990407,516318
discrete,2-2-8,256,2000,14,stats_all,0.0251258589996723,522524
discrete,2-2-8,256,2000,14,cf1_lp,0.007553684998129,233368
discrete,2-2-8,256,2000,14,slack_lp,0.0088037030000123,516318
discrete,2-2-8,256,2000,15,stats_all,0.0262927590010804,522524
discrete,2-2-8,256,2000,15,cf1_lp,0.0065409550006734,233368
discrete,2-2-8,256,2000,15,slack_lp,0.0092519289974006,516318
discrete,2-2-8,256,2000,16,stats_all,0.0221851730020716,522492
discrete,2-2-8,256,2000,16,cf1_lp,0.0073243040023953,233368
discrete,2-2-8,256,2000,16,slack_lp,0.008460343000479,516318
discrete,2-2-8,256,2000,17,stats_all,0.0239445499973953,522434
discrete,2-2-8,256,2000,17,cf1_lp,0.0072839830027078,233368
discrete,2-2-8,256,2000,17,slack_lp,0.008147597000061,516318
discrete,2-2-8,256,2000,18,stats_all,0.0239115459989989,522524
discrete,2-2-8,256,2000,18,cf1_lp,0.0078282720060087,233368
discrete,2-2-8,256,2000,18,slack_lp,0.0080675240023992,516318
discrete,2-2-8,256,2000,19,stats_all,0.0243157989971223,522478
discrete,2-2-8,256,2000,19,cf1_lp,0.0065071099961642,233368
discrete,2-2-8,256,2000,19,slack_lp,0.0085097259943722,516318
discrete,2-2-8,256,8000,0,stats_all,0.0248603510044631,522524
discrete,2-2-8,256,8000,0,cf1_lp,0.0071241519981413,233368
discrete,2-2-8,256,8000,0,slack_lp,0.0085305610045907,516318
discrete,2-2-8,256,8000,1,stats_all,0.0240965679986402,522448
discrete,2-2-8,256,8000,1,cf1_lp,0.0068900740006938,233368
discrete,2-2-8,256,8000,1,slack_lp,0.0079228249960578,516318
discrete,2-2-8,256,8000,2,stats_all,0.0245056959975045,522492
discrete,2-2-8,256,8000,2,cf1_lp,0.0075032530003227,233368
discrete,2-2-8,256,8000,2,slack_lp,0.0092219099969952,516318
discrete,2-2-8,256,8000,3,stats_all,0.0225559109967434,522502
discrete,2-2-8,256,8000,3,cf1_lp,0.0088900509945233,233368
discrete,2-2-8,256,8000,3,slack_lp,0.0094622799952048,516318
discrete,2-2-8,256,8000,4,stats_all,0.0263135369968949,522536
discrete,2-2-8,256,8000,4,cf1_lp,0.0070126020000316,233368
discrete,2-2-8,256,8000,4,slack_lp,0.0083730900005321,516318
discrete,2-2-8,256,8000,5,stats_all,0.0237814049978624,522492
discrete,2-2-8,256,8000,5,cf1_lp,0.0069429499999387,233368
discrete,2-2-8,256,8000,5,slack_lp,0.0080779529962455,516318
discrete,2-2-8,256,8000,6,stats_all,0.0268958800006657,522526
discrete,2-2-8,256,8000,6,cf1_lp,0.0066494310012785,233368
discrete,2-2-8,256,8000,6,slack_lp,0.0086778839977341,516318
discrete,2-2-8,256,8000,7,stats_all,0.0245920149973244,522524
discrete,2-2-8,256,8000,7,cf1_lp,0.0064204270020127,233368
discrete,2-2-8,256,8000,7,slack_lp,0.0092354490043362,516318
discrete,2-2-8,256,8000,8,stats_all,0.0239851790029206,522562
discrete,2-2-8,256,8000,8,cf1_lp,0.0072852539960877,233368
discrete,2-2-8,256,8000,8,slack_lp,0.008131360002153,516318
discrete,2-2-8,256,8000,9,stats_all,0.0248333869967609,522548
discrete,2-2-8,256,8000,9,cf1_lp,0.006749079999281,233368
discrete,2-2-8,256,8000,9,slack_lp,0.0084562470001401,516318
discrete,2-2-8,256,8000,10,stats_all,0.0266472239964059,522538
discrete,2-2-8,256,8000,10,cf1_lp,0.0067987349975737,233368
discrete,2-2-8,256,8000,10,slack_lp,0.0088900530026876,516318
discrete,2-2-8,256,8000,11,stats_all,0.0243104860055609,522478
discrete,2-2-8,256,8000,11,cf1_lp,0.0064006550019257,233368
discrete,2-2-8,256,8000,11,slack_lp,0.0084489630025927,516318
discrete,2-2-8,256,8000,12,stats_all,0.0241217200018581,522538
discrete,2-2-8,256,8000,12,cf1_lp,0.0068950200002291,233368
discrete,2-2-8,256,8000,12,slack_lp,0.0088212369955726,516318
discrete,2-2-8,256,8000,13,stats_all,0.0242065499987802,522492
discrete,2-2-8,256,8000,13,cf1_lp,0.006874995000544,233368
discrete,2-2-8,256,8000,13,slack_lp,0.0090181619962095,516318
discrete,2-2-8,256,8000,14,stats_all,0.0252233860010164,522594
discrete,2-2-8,256,8000,14,cf1_lp,0.0071122040026239,233368
discrete,2-2-8,256,8000,14,slack_lp,0.0087726420024409,516318
discrete,2-2-8,256,8000,15,stats_all,0.0255620570023893,522524
discrete,2-2-8,256,8000,15,cf1_lp,0.0068019539976376,233368
discrete,2-2-8,256,8000,15,slack_lp,0.008792558001005,516318
discrete,2-2-8,256,8000,16,stats_all,0.0260065330003271,522516
discrete,2-2-8,256,8000,16,cf1_lp,0.0067140940009267,233368
discrete,2-2-8,256,8000,16,slack_lp,0.0085513349986285,516318
discrete,2-2-8,256,8000,17,stats_all,0.0246898549958132,522448
discrete,2-2-8,256,8000,17,cf1_lp,0.0065931689969147,233368
discrete,2-2-8,256,8000,17,slack_lp,0.007934319000924,516318
discrete,2-2-8,256,8000,18,stats_all,0.0250882870022906,522504
discrete,2-2-8,256,8000,18,cf1_lp,0.0067965970010845,233368
discrete,2-2-8,256,8000,18,slack_lp,0.0084629530028905,516318
discrete,2-2-8,256,8000,19,stats_all,0.0246135650013457,522546
discrete,2-2-8,256,8000,19,cf1_lp,0.0068803060057689,233368
discrete,2-2-8,256,8000,19,slack_lp,0.0088059980043908,516318
continuous,d2,2000,2000,0,k1_v3,0.173774670001876,95961915
continuous,d2,2000,2000,0,k2_v3,0.0042373920005047,84325
continuous,d2,2000,2000,0,hsic_resid,0.0285302020056406,25678908
continuous,d2,2000,2000,1,k1_v3,0.1697629020054591,95960748
continuous,d2,2000,2000,1,k2_v3,0.0043908259976888,84036
continuous,d2,2000,2000,1,hsic_resid,0.0395874259993433,25678864
continuous,d2,2000,2000,2,k1_v3,0.1661659050005255,95960868
continuous,d2,2000,2000,2,k2_v3,0.0048463290004292,84608
continuous,d2,2000,2000,2,hsic_resid,0.030242005996115,25678908
continuous,d2,2000,2000,3,k1_v3,0.1638318799959961,95960904
continuous,d2,2000,2000,3,k2_v3,0.0042843449991778,84564
continuous,d2,2000,2000,3,hsic_resid,0.0238362039963249,25678908
continuous,d2,2000,2000,4,k1_v3,0.1813726120017236,95960896
continuous,d2,2000,2000,4,k2_v3,0.0039047409954946,84608
continuous,d2,2000,2000,4,hsic_resid,0.0333122890006052,25678908
continuous,d2,2000,2000,5,k1_v3,0.1649255099982838,95960888
continuous,d2,2000,2000,5,k2_v3,0.0042294489976484,84608
continuous,d2,2000,2000,5,hsic_resid,0.0381579699969734,25678864
continuous,d2,2000,2000,6,k1_v3,0.1767242049972992,95960880
continuous,d2,2000,2000,6,k2_v3,0.00484058100119,84608
continuous,d2,2000,2000,6,hsic_resid,0.0204137539985822,25678908
continuous,d2,2000,2000,7,k1_v3,0.1693540900014341,95960864
continuous,d2,2000,2000,7,k2_v3,0.0042998989956686,84608
continuous,d2,2000,2000,7,hsic_resid,0.0262831530053517,25678952
continuous,d2,2000,2000,8,k1_v3,0.1609530269997776,95960856
continuous,d2,2000,2000,8,k2_v3,0.0041372479972778,84520
continuous,d2,2000,2000,8,hsic_resid,0.0235681929989368,25678864
continuous,d2,2000,2000,9,k1_v3,0.1761840819963254,95960672
continuous,d2,2000,2000,9,k2_v3,0.003833504000795,84168
continuous,d2,2000,2000,9,hsic_resid,0.0290098640034557,25678864
continuous,d2,5000,5000,0,k1_v3,0.2643779270001687,150023676
continuous,d2,5000,5000,0,k2_v3,0.0089942470003734,204484
continuous,d2,5000,5000,0,hsic_resid,0.0362966719985706,25678908
continuous,d2,5000,5000,1,k1_v3,0.2524664800002938,150031572
continuous,d2,5000,5000,1,k2_v3,0.0087388839965569,204440
continuous,d2,5000,5000,1,hsic_resid,0.0179155180012458,25678908
continuous,d2,5000,5000,2,k1_v3,0.2295761650020722,150020396
continuous,d2,5000,5000,2,k2_v3,0.0099682319996645,204220
continuous,d2,5000,5000,2,hsic_resid,0.0226017589957336,25678908
continuous,d2,5000,5000,3,k1_v3,0.2553151910033193,150024952
continuous,d2,5000,5000,3,k2_v3,0.0086613080056849,204484
continuous,d2,5000,5000,3,hsic_resid,0.0219893960020272,25678908
continuous,d2,5000,5000,4,k1_v3,0.2288969209985225,150027440
continuous,d2,5000,5000,4,k2_v3,0.008725706997211,204440
continuous,d2,5000,5000,4,hsic_resid,0.0216570619959384,25678908
continuous,d2,5000,5000,5,k1_v3,0.2327029110019793,150021660
continuous,d2,5000,5000,5,k2_v3,0.0086102670029504,204352
continuous,d2,5000,5000,5,hsic_resid,0.0254095330019481,25678952
continuous,d2,5000,5000,6,k1_v3,0.2513330419969861,150027800
continuous,d2,5000,5000,6,k2_v3,0.009365676996822,204484
continuous,d2,5000,5000,6,hsic_resid,0.0258449699977063,25678952
continuous,d2,5000,5000,7,k1_v3,0.2409194700012449,150023184
continuous,d2,5000,5000,7,k2_v3,0.0087768279990996,204440
continuous,d2,5000,5000,7,hsic_resid,0.018868282000767,25678864
continuous,d2,5000,5000,8,k1_v3,0.2522423969930969,150030352
continuous,d2,5000,5000,8,k2_v3,0.009080294999876,204440
continuous,d2,5000,5000,8,hsic_resid,0.0284709519983152,25678908
continuous,d2,5000,5000,9,k1_v3,0.239517957001226,150023952
continuous,d2,5000,5000,9,k2_v3,0.0081472560050315,204440
continuous,d2,5000,5000,9,hsic_resid,0.023085816996172,25678864
continuous,d2,10000,10000,0,k1_v3,0.1775821730043389,96174096
continuous,d2,10000,10000,0,k2_v3,0.016601540002739,404484
continuous,d2,10000,10000,0,hsic_resid,0.0320483890027389,25678820
continuous,d2,10000,10000,1,k1_v3,0.1872386649993132,96171068
continuous,d2,10000,10000,1,k2_v3,0.0193842410008073,404484
continuous,d2,10000,10000,1,hsic_resid,0.0318370449967915,25678952
continuous,d2,10000,10000,2,k1_v3,0.1998220999957993,96168304
continuous,d2,10000,10000,2,k2_v3,0.018282924000232,404484
continuous,d2,10000,10000,2,hsic_resid,0.0408717129976139,25678864
continuous,d2,10000,10000,3,k1_v3,0.186471804001485,96169904
continuous,d2,10000,10000,3,k2_v3,0.0162604710058076,404484
continuous,d2,10000,10000,3,hsic_resid,0.0362652230032836,25678864
continuous,d2,10000,10000,4,k1_v3,0.1655809020012384,96166896
continuous,d2,10000,10000,4,k2_v3,0.0172513229990727,404484
continuous,d2,10000,10000,4,hsic_resid,0.0250113000001874,25678908
continuous,d2,10000,10000,5,k1_v3,0.1690813169989269,96170064
continuous,d2,10000,10000,5,k2_v3,0.0163224380012252,404396
continuous,d2,10000,10000,5,hsic_resid,0.0279269660022691,25678864
continuous,d2,10000,10000,6,k1_v3,0.1807502149968058,96163024
continuous,d2,10000,10000,6,k2_v3,0.0173968099988996,404396
continuous,d2,10000,10000,6,hsic_resid,0.0385701799968956,25678908
continuous,d2,10000,10000,7,k1_v3,0.2059523209973122,96179312
continuous,d2,10000,10000,7,k2_v3,0.0179407030009315,404176
continuous,d2,10000,10000,7,hsic_resid,0.0327204399945912,25678996
continuous,d2,10000,10000,8,k1_v3,0.2022372660067048,96167248
continuous,d2,10000,10000,8,k2_v3,0.0175927860036608,404308
continuous,d2,10000,10000,8,hsic_resid,0.0305044320048182,25679084
continuous,d2,10000,10000,9,k1_v3,0.194065727002453,96176464
continuous,d2,10000,10000,9,k2_v3,0.017751571998815,404440
continuous,d2,10000,10000,9,hsic_resid,0.0281615950007108,25678996
continuous,d2,20000,20000,0,k1_v3,0.1749861990028876,96411920
continuous,d2,20000,20000,0,k2_v3,0.0447534510021796,804440
continuous,d2,20000,20000,0,hsic_resid,0.0324924160013324,25678864
continuous,d2,20000,20000,1,k1_v3,0.1699141249991953,96414064
continuous,d2,20000,20000,1,k2_v3,0.0464916120035923,804396
continuous,d2,20000,20000,1,hsic_resid,0.0609081549991969,25678996
continuous,d2,20000,20000,2,k1_v3,0.1830677140023908,96422064
continuous,d2,20000,20000,2,k2_v3,0.0454251889968873,804396
continuous,d2,20000,20000,2,hsic_resid,0.0236615059984615,25678952
continuous,d2,20000,20000,3,k1_v3,0.1784505979958339,96407312
continuous,d2,20000,20000,3,k2_v3,0.0447444689998519,804484
continuous,d2,20000,20000,3,hsic_resid,0.0250207380013307,25678996
continuous,d2,20000,20000,4,k1_v3,0.1754096759977983,96421136
continuous,d2,20000,20000,4,k2_v3,0.0449327940004877,804440
continuous,d2,20000,20000,4,hsic_resid,0.0419784089972381,25679040
continuous,d2,20000,20000,5,k1_v3,0.1898843710005167,96417552
continuous,d2,20000,20000,5,k2_v3,0.0449602519947802,804352
continuous,d2,20000,20000,5,hsic_resid,0.0253060499962884,25678996
continuous,d2,20000,20000,6,k1_v3,0.1950607430044328,96414352
continuous,d2,20000,20000,6,k2_v3,0.0453199430048698,804308
continuous,d2,20000,20000,6,hsic_resid,0.0258249420003267,25678864
continuous,d2,20000,20000,7,k1_v3,0.1893015679961536,96416048
continuous,d2,20000,20000,7,k2_v3,0.0470716089985217,804132
continuous,d2,20000,20000,7,hsic_resid,0.0274996799998916,25678864
continuous,d2,20000,20000,8,k1_v3,0.1721741860019392,96413232
continuous,d2,20000,20000,8,k2_v3,0.0494889179972233,804132
continuous,d2,20000,20000,8,hsic_resid,0.0313626320057665,25678864
continuous,d2,20000,20000,9,k1_v3,0.1751890300001832,96417968
continuous,d2,20000,20000,9,k2_v3,0.045312128997466,804132
continuous,d2,20000,20000,9,hsic_resid,0.0473083830001996,25678864
continuous,d2,50000,50000,0,k1_v3,0.1818009679991519,97136816
continuous,d2,50000,50000,0,k2_v3,0.2335134720051428,2004132
continuous,d2,50000,50000,0,hsic_resid,0.0576129190012579,25678864
continuous,d2,50000,50000,1,k1_v3,0.1694808840038604,97130896
continuous,d2,50000,50000,1,k2_v3,0.2331651600034092,2004132
continuous,d2,50000,50000,1,hsic_resid,0.0487140509940218,25678864
continuous,d2,50000,50000,2,k1_v3,0.1949145000035059,97131024
continuous,d2,50000,50000,2,k2_v3,0.2349317810003413,2004132
continuous,d2,50000,50000,2,hsic_resid,0.0368887100048596,25678864
continuous,d2,50000,50000,3,k1_v3,0.1798551419997238,97120880
continuous,d2,50000,50000,3,k2_v3,0.232758238002134,2004132
continuous,d2,50000,50000,3,hsic_resid,0.0955760080032632,25678864
continuous,d2,50000,50000,4,k1_v3,0.1961019119989941,97138992
continuous,d2,50000,50000,4,k2_v3,0.2357321829986176,2004132
continuous,d2,50000,50000,4,hsic_resid,0.0292902079963823,25678864
continuous,d2,50000,50000,5,k1_v3,0.1913273120007943,97137072
continuous,d2,50000,50000,5,k2_v3,0.2342258760036202,2004132
continuous,d2,50000,50000,5,hsic_resid,0.0571333179977955,25678864
continuous,d2,50000,50000,6,k1_v3,0.1811749650005367,97134032
continuous,d2,50000,50000,6,k2_v3,0.2350036959978751,2004132
continuous,d2,50000,50000,6,hsic_resid,0.029254999004479,25678864
continuous,d2,50000,50000,7,k1_v3,0.1956532389958738,97131152
continuous,d2,50000,50000,7,k2_v3,0.2368220280040986,2004132
continuous,d2,50000,50000,7,hsic_resid,0.037723271001596,25678864
continuous,d2,50000,50000,8,k1_v3,0.1907002090010792,97130128
continuous,d2,50000,50000,8,k2_v3,0.2343183410048368,2004132
continuous,d2,50000,50000,8,hsic_resid,0.0262243890028912,25678864
continuous,d2,50000,50000,9,k1_v3,0.1894606130008469,97140080
continuous,d2,50000,50000,9,k2_v3,0.2374997419974533,2004132
continuous,d2,50000,50000,9,hsic_resid,0.0234801490005338,25678864
